,nucleotide,MazF_none/MG_log_none,MqsR_none/MG_log_none,MG_stats_none/MG_log_none,d3_none/MG_log_none,MG_log_PNK/MG_log_none,MazF_PNK/MazF_none,MqsR_PNK/MqsR_none,MG_stats_PNK/MG_stats_none,d3_PNK/d3_none
-19,,,,,,,,,,
-18,,,,,,,,,,
-17,,,,,,,,,,
-16,,,,,,,,,,
-15,GAAACAT,,,,,,,,,
-14,AAACATC,,,,,,,,,
-13,AACATCT,,,,,,,,,
-12,ACATCTT,,,,,,,,,
-11,CATCTTC,,,,,,,,,
-10,ATCTTCG,,,,,,,,,
-9,TCTTCGG,,,,,,,,,
-8,CTTCGGG,,,,,,,,,
-7,TTCGGGT,,,,,,,,,
-6,TCGGGTT,,,,,,,,,
-5,CGGGTTG,,,,,,,,,
-4,GGGTTGT,,,,,,,,,
-3,GGTTGTG,,,,,,,,,
-2,GTTGTGA,,,,,,,,,
-1,TTGTGAG,,,,,,,,,
0,TGTGAGG,,,,,,,,,
1,GTGAGGT,,,,,,,,,
2,TGAGGTT,,,,,,,,,
3,GAGGTTA,,,,,,,,,
4,AGGTTAA,,,,,,,,,
5,GGTTAAG,,,,,,,,,
6,GTTAAGC,,,,,,,,,
7,TTAAGCG,,,,,,,,,
8,TAAGCGA,,,,,,,,,
9,AAGCGAC,,,,,,,,,
10,AGCGACT,,,,,,,,,
11,GCGACTA,,,,,,,,,
12,CGACTAA,,,,,,,,,
13,GACTAAG,,,,,,,,,
14,ACTAAGC,,,,,,,,,
15,CTAAGCG,,,,,,,,,
16,TAAGCGT,,,,,,,,,
17,AAGCGTA,,,,,,,,,
18,AGCGTAC,,,,,,,,,
19,GCGTACA,,,,,,,,,
20,CGTACAC,,,,,,,,,
21,GTACACG,,,,,,,,,
22,TACACGG,,,,,,,,,
23,ACACGGT,,,,,,,,,
24,CACGGTG,,,,,,,,,
25,ACGGTGG,,,,,,,,,
26,CGGTGGA,,,,,,,,,
27,GGTGGAT,,,,,,,,,
28,GTGGATG,,,,,,,,,
29,TGGATGC,,,,,,,,,
30,GGATGCC,,,,,,,,,
31,GATGCCC,,,,,,,,,
32,ATGCCCT,,,,,,,,,
33,TGCCCTG,,,,,,,,,
34,GCCCTGG,,,,,,,,,
35,CCCTGGC,,,,,,,,,
36,CCTGGCA,,,,,,,,,
37,CTGGCAG,,,,,,,,,
38,TGGCAGT,,,,,,,,,
39,GGCAGTC,,,,,,,,,
40,GCAGTCA,,,,,,,,,
41,CAGTCAG,,,,,,,,,
42,AGTCAGA,,,,,,,,,
43,GTCAGAG,,,,,,,,,
44,TCAGAGG,,,,,,,,,
45,CAGAGGC,,,,,,,,,
46,AGAGGCG,,,,,,,,,
47,GAGGCGA,,,,,,,,,
48,AGGCGAT,,,,,,,,,
49,GGCGATG,,,,,,,,,
50,GCGATGA,,,,,,,,,
51,CGATGAA,,,,,,,,,
52,GATGAAG,,,,,,,,,
53,ATGAAGG,,,,,,,,,
54,TGAAGGA,,,,,,,,,
55,GAAGGAC,,,,,,,,,
56,AAGGACG,,,,,,,,,
57,AGGACGT,,,,,,,,,
58,GGACGTG,,,,,,,,,
59,GACGTGC,,,,,,,,,
60,ACGTGCT,,,,,,,,,
61,CGTGCTA,,,,,,,,,
62,GTGCTAA,,,,,,,,,
63,TGCTAAT,,,,,,,,,
64,GCTAATC,,,,,,,,,
65,CTAATCT,,,,,,,,,
66,TAATCTG,,,,,,,,,
67,AATCTGC,,,,,,,,,
68,ATCTGCG,,,,,,,,,
69,TCTGCGA,,,,,,,,,
70,CTGCGAT,,,,,,,,,
71,TGCGATA,,,,,,,,,
72,GCGATAA,,,,,,,,,
73,CGATAAG,,,,,,,,,
74,GATAAGC,,,,,,,,,
75,ATAAGCG,,,,,,,,,
76,TAAGCGT,,,,,,,,,
77,AAGCGTC,,,,,,,,,
78,AGCGTCG,,,,,,,,,
79,GCGTCGG,,,,,,,,,
80,CGTCGGT,,,,,,,,,
81,GTCGGTA,,,,,,,,,
82,TCGGTAA,,,,,,,,,
83,CGGTAAG,,,,,,,,,
84,GGTAAGG,,,,,,,,,
85,GTAAGGT,,,,,,,,,
86,TAAGGTG,,,,,,,,,
87,AAGGTGA,,,,,,,,,
88,AGGTGAT,,,,,,,,,
89,GGTGATA,,,,,,,,,
90,GTGATAT,,,,,,,,,
91,TGATATG,,,,,,,,,
92,GATATGA,,,,,,,,,
93,ATATGAA,,,,,,,,,
94,TATGAAC,,,,,,,,,
95,ATGAACC,,,,,,,,,
96,TGAACCG,,,,,,,,,
97,GAACCGT,,,,,,,,,
98,AACCGTT,,,,,,,,,
99,ACCGTTA,,,,,,,,,
100,CCGTTAT,,,,,,,,,
101,CGTTATA,,,,,,,,,
102,GTTATAA,,,,,,,,,
103,TTATAAC,,,,,,,,,
104,TATAACC,,,,,,,,,
105,ATAACCG,,,,,,,,,
106,TAACCGG,,,,,,,,,
107,AACCGGC,,,,,,,,,
108,ACCGGCG,,,,,,,,,
109,CCGGCGA,,,,,,,,,
110,CGGCGAT,,,,,,,,,
111,GGCGATT,,,,,,,,,
112,GCGATTT,,,,,,,,,
113,CGATTTC,,,,,,,,,
114,GATTTCC,,,,,,,,,
115,ATTTCCG,,,,,,,,,
116,TTTCCGA,,,,,,,,,
117,TTCCGAA,,,,,,,,,
118,TCCGAAT,,,,,,,,,
119,CCGAATG,,,,,,,,,
120,CGAATGG,,,,,,,,,
121,GAATGGG,,,,,,,,,
122,AATGGGG,,,,,,,,,
123,ATGGGGA,,,,,,,,,
124,TGGGGAA,,,,,,,,,
125,GGGGAAA,,,,,,,,,
126,GGGAAAC,,,,,,,,,
127,GGAAACC,,,,,,,,,
128,GAAACCC,,,,,,,,,
129,AAACCCA,,,,,,,,,
130,AACCCAG,,,,,,,,,
131,ACCCAGT,,,,,,,,,
132,CCCAGTG,,,,,,,,,
133,CCAGTGT,,,,,,,,,
134,CAGTGTG,,,,,,,,,
135,AGTGTGT,,,,,,,,,
136,GTGTGTT,,,,,,,,,
137,TGTGTTT,,,,,,,,,
138,GTGTTTC,,,,,,,,,
139,TGTTTCG,,,,,,,,,
140,GTTTCGA,,,,,,,,,
141,TTTCGAC,,,,,,,,,
142,TTCGACA,,,,,,,,,
143,TCGACAC,,,,,,,,,
144,CGACACA,,,,,,,,,
145,GACACAC,,,,,,,,,
146,ACACACT,,,,,,,,,
147,CACACTA,,,,,,,,,
148,ACACTAT,,,,,,,,,
149,CACTATC,,,,,,,,,
150,ACTATCA,,,,,,,,,
151,CTATCAT,,,,,,,,,
152,TATCATT,,,,,,,,,
153,ATCATTA,,,,,,,,,
154,TCATTAA,,,,,,,,,
155,CATTAAC,,,,,,,,,
156,ATTAACT,,,,,,,,,
157,TTAACTG,,,,,,,,,
158,TAACTGA,,,,,,,,,
159,AACTGAA,,,,,,,,,
160,ACTGAAT,,,,,,,,,
161,CTGAATC,,,,,,,,,
162,TGAATCC,,,,,,,,,
163,GAATCCA,,,,,,,,,
164,AATCCAT,,,,,,,,,
165,ATCCATA,,,,,,,,,
166,TCCATAG,,,,,,,,,
167,CCATAGG,,,,,,,,,
168,CATAGGT,,,,,,,,,
169,ATAGGTT,,,,,,,,,
170,TAGGTTA,,,,,,,,,
171,AGGTTAA,,,,,,,,,
172,GGTTAAT,,,,,,,,,
173,GTTAATG,,,,,,,,,
174,TTAATGA,,,,,,,,,
175,TAATGAG,,,,,,,,,
176,AATGAGG,,,,,,,,,
177,ATGAGGC,,,,,,,,,
178,TGAGGCG,,,,,,,,,
179,GAGGCGA,,,,,,,,,
180,AGGCGAA,,,,,,,,,
181,GGCGAAC,,,,,,,,,
182,GCGAACC,,,,,,,,,
183,CGAACCG,,,,,,,,,
184,GAACCGG,,,,,,,,,
185,AACCGGG,,,,,,,,,
186,ACCGGGG,,,,,,,,,
187,CCGGGGG,,,,,,,,,
188,CGGGGGA,,,,,,,,,
189,GGGGGAA,,,,,,,,,
190,GGGGAAC,,,,,,,,,
191,GGGAACT,,,,,,,,,
192,GGAACTG,,,,,,,,,
193,GAACTGA,,,,,,,,,
194,AACTGAA,,,,,,,,,
195,ACTGAAA,,,,,,,,,
196,CTGAAAC,,,,,,,,,
197,TGAAACA,,,,,,,,,
198,GAAACAT,,,,,,,,,
199,AAACATC,,,,,,,,,
200,AACATCT,,,,,,,,,
201,ACATCTA,,,,,,,,,
202,CATCTAA,,,,,,,,,
203,ATCTAAG,,,,,,,,,
204,TCTAAGT,,,,,,,,,
205,CTAAGTA,,,,,,,,,
206,TAAGTAC,,,,,,,,,
207,AAGTACC,,,,,,,,,
208,AGTACCC,,,,,,,,,
209,GTACCCC,,,,,,,,,
210,TACCCCG,,,,,,,,,
211,ACCCCGA,,,,,,,,,
212,CCCCGAG,,,,,,,,,
213,CCCGAGG,,,,,,,,,
214,CCGAGGA,,,,,,,,,
215,CGAGGAA,,,,,,,,,
216,GAGGAAA,,,,,,,,,
217,AGGAAAA,,,,,,,,,
218,GGAAAAG,,,,,,,,,
219,GAAAAGA,,,,,,,,,
220,AAAAGAA,,,,,,,,,
221,AAAGAAA,,,,,,,,,
222,AAGAAAT,,,,,,,,,
223,AGAAATC,,,,,,,,,
224,GAAATCA,,,,,,,,,
225,AAATCAA,,,,,,,,,
226,AATCAAC,,,,,,,,,
227,ATCAACC,,,,,,,,,
228,TCAACCG,,,,,,,,,
229,CAACCGA,,,,,,,,,
230,AACCGAG,,,,,,,,,
231,ACCGAGA,,,,,,,,,
232,CCGAGAT,,,,,,,,,
233,CGAGATT,,,,,,,,,
234,GAGATTC,,,,,,,,,
235,AGATTCC,,,,,,,,,
236,GATTCCC,,,,,,,,,
237,ATTCCCC,,,,,,,,,
238,TTCCCCC,,,,,,,,,
239,TCCCCCA,,,,,,,,,
240,CCCCCAG,,,,,,,,,
241,CCCCAGT,,,,,,,,,
242,CCCAGTA,,,,,,,,,
243,CCAGTAG,,,,,,,,,
244,CAGTAGC,,,,,,,,,
245,AGTAGCG,,,,,,,,,
246,GTAGCGG,,,,,,,,,
247,TAGCGGC,,,,,,,,,
248,AGCGGCG,,,,,,,,,
249,GCGGCGA,,,,,,,,,
250,CGGCGAG,,,,,,,,,
251,GGCGAGC,,,,,,,,,
252,GCGAGCG,,,,,,,,,
253,CGAGCGA,,,,,,,,,
254,GAGCGAA,,,,,,,,,
255,AGCGAAC,,,,,,,,,
256,GCGAACG,,,,,,,,,
257,CGAACGG,,,,,,,,,
258,GAACGGG,,,,,,,,,
259,AACGGGG,,,,,,,,,
260,ACGGGGA,,,,,,,,,
261,CGGGGAG,,,,,,,,,
262,GGGGAGS,,,,,,,,,
263,GGGAGSA,,,,,,,,,
264,GGAGSAG,,,,,,,,,
265,GAGSAGC,,,,,,,,,
266,AGSAGCC,,,,,,,,,
267,GSAGCCC,,,,,,,,,
268,SAGCCCA,,,,,,,,,
269,AGCCCAG,,,,,,,,,
270,GCCCAGA,,,,,,,,,
271,CCCAGAG,,,,,,,,,
272,CCAGAGC,,,,,,,,,
273,CAGAGCC,,,,,,,,,
274,AGAGCCT,,,,,,,,,
275,GAGCCTG,,,,,,,,,
276,AGCCTGA,,,,,,,,,
277,GCCTGAA,,,,,,,,,
278,CCTGAAT,,,,,,,,,
279,CTGAATC,,,,,,,,,
280,TGAATCA,,,,,,,,,
281,GAATCAG,,,,,,,,,
282,AATCAGT,,,,,,,,,
283,ATCAGTR,,,,,,,,,
284,TCAGTRT,,,,,,,,,
285,CAGTRTG,,,,,,,,,
286,AGTRTGT,,,,,,,,,
287,GTRTGTG,,,,,,,,,
288,TRTGTGT,,,,,,,,,
289,RTGTGTG,,,,,,,,,
290,TGTGTGT,,,,,,,,,
291,GTGTGTT,,,,,,,,,
292,TGTGTTA,,,,,,,,,
293,GTGTTAG,,,,,,,,,
294,TGTTAGT,,,,,,,,,
295,GTTAGTG,,,,,,,,,
296,TTAGTGG,,,,,,,,,
297,TAGTGGA,,,,,,,,,
298,AGTGGAA,,,,,,,,,
299,GTGGAAG,,,,,,,,,
300,TGGAAGC,,,,,,,,,
301,GGAAGCG,,,,,,,,,
302,GAAGCGT,,,,,,,,,
303,AAGCGTC,,,,,,,,,
304,AGCGTCT,,,,,,,,,
305,GCGTCTG,,,,,,,,,
306,CGTCTGG,,,,,,,,,
307,GTCTGGA,,,,,,,,,
308,TCTGGAA,,,,,,,,,
309,CTGGAAA,,,,,,,,,
310,TGGAAAG,,,,,,,,,
311,GGAAAGG,,,,,,,,,
312,GAAAGGC,,,,,,,,,
313,AAAGGCG,,,,,,,,,
314,AAGGCGY,,,,,,,,,
315,AGGCGYG,,,,,,,,,
316,GGCGYGC,,,,,,,,,
317,GCGYGCG,,,,,,,,,
318,CGYGCGA,,,,,,,,,
319,GYGCGAT,,,,,,,,,
320,YGCGATA,,,,,,,,,
321,GCGATAC,,,,,,,,,
322,CGATACA,,,,,,,,,
323,GATACAG,,,,,,,,,
324,ATACAGG,,,,,,,,,
325,TACAGGG,,,,,,,,,
326,ACAGGGT,,,,,,,,,
327,CAGGGTG,,,,,,,,,
328,AGGGTGA,,,,,,,,,
329,GGGTGAC,,,,,,,,,
330,GGTGACA,,,,,,,,,
331,GTGACAG,,,,,,,,,
332,TGACAGC,,,,,,,,,
333,GACAGCC,,,,,,,,,
334,ACAGCCC,,,,,,,,,
335,CAGCCCC,,,,,,,,,
336,AGCCCCG,,,,,,,,,
337,GCCCCGT,,,,,,,,,
338,CCCCGTA,,,,,,,,,
339,CCCGTAC,,,,,,,,,
340,CCGTACA,,,,,,,,,
341,CGTACAC,,,,,,,,,
342,GTACACA,,,,,,,,,
343,TACACAA,,,,,,,,,
344,ACACAAA,,,,,,,,,
345,CACAAAA,,,,,,,,,
346,ACAAAAA,,,,,,,,,
347,CAAAAAT,,,,,,,,,
348,AAAAATG,,,,,,,,,
349,AAAATGC,,,,,,,,,
350,AAATGCA,,,,,,,,,
351,AATGCAC,,,,,,,,,
352,ATGCACA,,,,,,,,,
353,TGCACAT,,,,,,,,,
354,GCACATR,,,,,,,,,
355,CACATRY,,,,,,,,,
356,ACATRYT,,,,,,,,,
357,CATRYTG,,,,,,,,,
358,ATRYTGT,,,,,,,,,
359,TRYTGTG,,,,,,,,,
360,RYTGTGA,,,,,,,,,
361,YTGTGAG,,,,,,,,,
362,TGTGAGC,,,,,,,,,
363,GTGAGCT,,,,,,,,,
364,TGAGCTC,,,,,,,,,
365,GAGCTCG,,,,,,,,,
366,AGCTCGA,,,,,,,,,
367,GCTCGAT,,,,,,,,,
368,CTCGATG,,,,,,,,,
369,TCGATGA,,,,,,,,,
370,CGATGAG,,,,,,,,,
371,GATGAGT,,,,,,,,,
372,ATGAGTA,,,,,,,,,
373,TGAGTAG,,,,,,,,,
374,GAGTAGG,,,,,,,,,
375,AGTAGGG,,,,,,,,,
376,GTAGGGC,,,,,,,,,
377,TAGGGCG,,,,,,,,,
378,AGGGCGG,,,,,,,,,
379,GGGCGGG,,,,,,,,,
380,GGCGGGA,,,,,,,,,
381,GCGGGAC,,,,,,,,,
382,CGGGACA,,,,,,,,,
383,GGGACAC,,,,,,,,,
384,GGACACG,,,,,,,,,
385,GACACGT,,,,,,,,,
386,ACACGTG,,,,,,,,,
387,CACGTGG,,,,,,,,,
388,ACGTGGT,,,,,,,,,
389,CGTGGTA,,,,,,,,,
390,GTGGTAT,,,,,,,,,
391,TGGTATC,,,,,,,,,
392,GGTATCC,,,,,,,,,
393,GTATCCT,,,,,,,,,
394,TATCCTG,,,,,,,,,
395,ATCCTGT,,,,,,,,,
396,TCCTGTC,,,,,,,,,
397,CCTGTCT,,,,,,,,,
398,CTGTCTG,,,,,,,,,
399,TGTCTGA,,,,,,,,,
400,GTCTGAA,,,,,,,,,
401,TCTGAAT,,,,,,,,,
402,CTGAATA,,,,,,,,,
403,TGAATAT,,,,,,,,,
404,GAATATG,,,,,,,,,
405,AATATGG,,,,,,,,,
406,ATATGGG,,,,,,,,,
407,TATGGGG,,,,,,,,,
408,ATGGGGG,,,,,,,,,
409,TGGGGGG,,,,,,,,,
410,GGGGGGA,,,,,,,,,
411,GGGGGAC,,,,,,,,,
412,GGGGACC,,,,,,,,,
413,GGGACCA,,,,,,,,,
414,GGACCAT,,,,,,,,,
415,GACCATC,,,,,,,,,
416,ACCATCC,,,,,,,,,
417,CCATCCT,,,,,,,,,
418,CATCCTC,,,,,,,,,
419,ATCCTCC,,,,,,,,,
420,TCCTCCA,,,,,,,,,
421,CCTCCAA,,,,,,,,,
422,CTCCAAG,,,,,,,,,
423,TCCAAGG,,,,,,,,,
424,CCAAGGC,,,,,,,,,
425,CAAGGCT,,,,,,,,,
426,AAGGCTA,,,,,,,,,
427,AGGCTAA,,,,,,,,,
428,GGCTAAA,,,,,,,,,
429,GCTAAAT,,,,,,,,,
430,CTAAATA,,,,,,,,,
431,TAAATAC,,,,,,,,,
432,AAATACT,,,,,,,,,
433,AATACTC,,,,,,,,,
434,ATACTCC,,,,,,,,,
435,TACTCCT,,,,,,,,,
436,ACTCCTG,,,,,,,,,
437,CTCCTGA,,,,,,,,,
438,TCCTGAC,,,,,,,,,
439,CCTGACT,,,,,,,,,
440,CTGACTG,,,,,,,,,
441,TGACTGA,,,,,,,,,
442,GACTGAC,,,,,,,,,
443,ACTGACC,,,,,,,,,
444,CTGACCG,,,,,,,,,
445,TGACCGA,,,,,,,,,
446,GACCGAT,,,,,,,,,
447,ACCGATA,,,,,,,,,
448,CCGATAG,,,,,,,,,
449,CGATAGT,,,,,,,,,
450,GATAGTG,,,,,,,,,
451,ATAGTGA,,,,,,,,,
452,TAGTGAA,,,,,,,,,
453,AGTGAAC,,,,,,,,,
454,GTGAACC,,,,,,,,,
455,TGAACCA,,,,,,,,,
456,GAACCAG,,,,,,,,,
457,AACCAGT,,,,,,,,,
458,ACCAGTA,,,,,,,,,
459,CCAGTAC,,,,,,,,,
460,CAGTACC,,,,,,,,,
461,AGTACCG,,,,,,,,,
462,GTACCGT,,,,,,,,,
463,TACCGTG,,,,,,,,,
464,ACCGTGA,,,,,,,,,
465,CCGTGAG,,,,,,,,,
466,CGTGAGG,,,,,,,,,
467,GTGAGGG,,,,,,,,,
468,TGAGGGA,,,,,,,,,
469,GAGGGAA,,,,,,,,,
470,AGGGAAA,,,,,,,,,
471,GGGAAAG,,,,,,,,,
472,GGAAAGG,,,,,,,,,
473,GAAAGGC,,,,,,,,,
474,AAAGGCG,,,,,,,,,
475,AAGGCGA,,,,,,,,,
476,AGGCGAA,,,,,,,,,
477,GGCGAAA,,,,,,,,,
478,GCGAAAA,,,,,,,,,
479,CGAAAAG,,,,,,,,,
480,GAAAAGA,,,,,,,,,
481,AAAAGAA,,,,,,,,,
482,AAAGAAC,,,,,,,,,
483,AAGAACC,,,,,,,,,
484,AGAACCC,,,,,,,,,
485,GAACCCC,,,,,,,,,
486,AACCCCG,,,,,,,,,
487,ACCCCGG,,,,,,,,,
488,CCCCGGC,,,,,,,,,
489,CCCGGCG,,,,,,,,,
490,CCGGCGA,,,,,,,,,
491,CGGCGAG,,,,,,,,,
492,GGCGAGG,,,,,,,,,
493,GCGAGGG,,,,,,,,,
494,CGAGGGG,,,,,,,,,
495,GAGGGGA,,,,,,,,,
496,AGGGGAG,,,,,,,,,
497,GGGGAGT,,,,,,,,,
498,GGGAGTG,,,,,,,,,
499,GGAGTGA,,,,,,,,,
500,GAGTGAA,,,,,,,,,
501,AGTGAAA,,,,,,,,,
502,GTGAAAA,,,,,,,,,
503,TGAAAAA,,,,,,,,,
504,GAAAAAG,,,,,,,,,
505,AAAAAGA,,,,,,,,,
506,AAAAGAA,,,,,,,,,
507,AAAGAAC,,,,,,,,,
508,AAGAACC,,,,,,,,,
509,AGAACCT,,,,,,,,,
510,GAACCTG,,,,,,,,,
511,AACCTGA,,,,,,,,,
512,ACCTGAA,,,,,,,,,
513,CCTGAAA,,,,,,,,,
514,CTGAAAC,,,,,,,,,
515,TGAAACC,,,,,,,,,
516,GAAACCG,,,,,,,,,
517,AAACCGT,,,,,,,,,
518,AACCGTG,,,,,,,,,
519,ACCGTGT,,,,,,,,,
520,CCGTGTA,,,,,,,,,
521,CGTGTAC,,,,,,,,,
522,GTGTACG,,,,,,,,,
523,TGTACGT,,,,,,,,,
524,GTACGTA,,,,,,,,,
525,TACGTAC,,,,,,,,,
526,ACGTACA,,,,,,,,,
527,CGTACAA,,,,,,,,,
528,GTACAAG,,,,,,,,,
529,TACAAGC,,,,,,,,,
530,ACAAGCA,,,,,,,,,
531,CAAGCAG,,,,,,,,,
532,AAGCAGT,,,,,,,,,
533,AGCAGTG,,,,,,,,,
534,GCAGTGG,,,,,,,,,
535,CAGTGGG,,,,,,,,,
536,AGTGGGA,,,,,,,,,
537,GTGGGAG,,,,,,,,,
538,TGGGAGC,,,,,,,,,
539,GGGAGCA,,,,,,,,,
540,GGAGCAY,,,,,,,,,
541,GAGCAYG,,,,,,,,,
542,AGCAYGC,,,,,,,,,
543,GCAYGCT,,,,,,,,,
544,CAYGCTT,,,,,,,,,
545,AYGCTTA,,,,,,,,,
546,YGCTTAG,,,,,,,,,
547,GCTTAGG,,,,,,,,,
548,CTTAGGC,,,,,,,,,
549,TTAGGCG,,,,,,,,,
550,TAGGCGT,,,,,,,,,
551,AGGCGTG,,,,,,,,,
552,GGCGTGT,,,,,,,,,
553,GCGTGTG,,,,,,,,,
554,CGTGTGA,,,,,,,,,
555,GTGTGAC,,,,,,,,,
556,TGTGACT,,,,,,,,,
557,GTGACTG,,,,,,,,,
558,TGACTGC,,,,,,,,,
559,GACTGCG,,,,,,,,,
560,ACTGCGT,,,,,,,,,
561,CTGCGTA,,,,,,,,,
562,TGCGTAC,,,,,,,,,
563,GCGTACC,,,,,,,,,
564,CGTACCT,,,,,,,,,
565,GTACCTT,,,,,,,,,
566,TACCTTT,,,,,,,,,
567,ACCTTTT,,,,,,,,,
568,CCTTTTG,,,,,,,,,
569,CTTTTGT,,,,,,,,,
570,TTTTGTA,,,,,,,,,
571,TTTGTAT,,,,,,,,,
572,TTGTATA,,,,,,,,,
573,TGTATAA,,,,,,,,,
574,GTATAAT,,,,,,,,,
575,TATAATG,,,,,,,,,
576,ATAATGG,,,,,,,,,
577,TAATGGG,,,,,,,,,
578,AATGGGT,,,,,,,,,
579,ATGGGTC,,,,,,,,,
580,TGGGTCA,,,,,,,,,
581,GGGTCAG,,,,,,,,,
582,GGTCAGC,,,,,,,,,
583,GTCAGCG,,,,,,,,,
584,TCAGCGA,,,,,,,,,
585,CAGCGAC,,,,,,,,,
586,AGCGACT,,,,,,,,,
587,GCGACTT,,,,,,,,,
588,CGACTTA,,,,,,,,,
589,GACTTAT,,,,,,,,,
590,ACTTATA,,,,,,,,,
591,CTTATAT,,,,,,,,,
592,TTATATT,,,,,,,,,
593,TATATTC,,,,,,,,,
594,ATATTCT,,,,,,,,,
595,TATTCTG,,,,,,,,,
596,ATTCTGT,,,,,,,,,
597,TTCTGTA,,,,,,,,,
598,TCTGTAG,,,,,,,,,
599,CTGTAGC,,,,,,,,,
600,TGTAGCA,,,,,,,,,
601,GTAGCAA,,,,,,,,,
602,TAGCAAG,,,,,,,,,
603,AGCAAGG,,,,,,,,,
604,GCAAGGT,,,,,,,,,
605,CAAGGTT,,,,,,,,,
606,AAGGTTA,,,,,,,,,
607,AGGTTAA,,,,,,,,,
608,GGTTAAC,,,,,,,,,
609,GTTAACC,,,,,,,,,
610,TTAACCG,,,,,,,,,
611,TAACCGA,,,,,,,,,
612,AACCGAA,,,,,,,,,
613,ACCGAAT,,,,,,,,,
614,CCGAATA,,,,,,,,,
615,CGAATAG,,,,,,,,,
616,GAATAGG,,,,,,,,,
617,AATAGGG,,,,,,,,,
618,ATAGGGG,,,,,,,,,
619,TAGGGGA,,,,,,,,,
620,AGGGGAG,,,,,,,,,
621,GGGGAGC,,,,,,,,,
622,GGGAGCC,,,,,,,,,
623,GGAGCCG,,,,,,,,,
624,GAGCCGA,,,,,,,,,
625,AGCCGAA,,,,,,,,,
626,GCCGAAG,,,,,,,,,
627,CCGAAGG,,,,,,,,,
628,CGAAGGG,,,,,,,,,
629,GAAGGGA,,,,,,,,,
630,AAGGGAA,,,,,,,,,
631,AGGGAAA,,,,,,,,,
632,GGGAAAC,,,,,,,,,
633,GGAAACC,,,,,,,,,
634,GAAACCG,,,,,,,,,
635,AAACCGA,,,,,,,,,
636,AACCGAG,,,,,,,,,
637,ACCGAGT,,,,,,,,,
638,CCGAGTC,,,,,,,,,
639,CGAGTCT,,,,,,,,,
640,GAGTCTT,,,,,,,,,
641,AGTCTTA,,,,,,,,,
642,GTCTTAA,,,,,,,,,
643,TCTTAAC,,,,,,,,,
644,CTTAACT,,,,,,,,,
645,TTAACTG,,,,,,,,,
646,TAACTGG,,,,,,,,,
647,AACTGGG,,,,,,,,,
648,ACTGGGC,,,,,,,,,
649,CTGGGCG,,,,,,,,,
650,TGGGCGT,,,,,,,,,
651,GGGCGTT,,,,,,,,,
652,GGCGTTA,,,,,,,,,
653,GCGTTAA,,,,,,,,,
654,CGTTAAG,,,,,,,,,
655,GTTAAGT,,,,,,,,,
656,TTAAGTT,,,,,,,,,
657,TAAGTTG,,,,,,,,,
658,AAGTTGC,,,,,,,,,
659,AGTTGCA,,,,,,,,,
660,GTTGCAG,,,,,,,,,
661,TTGCAGG,,,,,,,,,
662,TGCAGGG,,,,,,,,,
663,GCAGGGT,,,,,,,,,
664,CAGGGTA,,,,,,,,,
665,AGGGTAT,,,,,,,,,
666,GGGTATA,,,,,,,,,
667,GGTATAG,,,,,,,,,
668,GTATAGA,,,,,,,,,
669,TATAGAC,,,,,,,,,
670,ATAGACC,,,,,,,,,
671,TAGACCC,,,,,,,,,
672,AGACCCG,,,,,,,,,
673,GACCCGA,,,,,,,,,
674,ACCCGAA,,,,,,,,,
675,CCCGAAA,,,,,,,,,
676,CCGAAAC,,,,,,,,,
677,CGAAACC,,,,,,,,,
678,GAAACCC,,,,,,,,,
679,AAACCCG,,,,,,,,,
680,AACCCGG,,,,,,,,,
681,ACCCGGT,,,,,,,,,
682,CCCGGTG,,,,,,,,,
683,CCGGTGA,,,,,,,,,
684,CGGTGAT,,,,,,,,,
685,GGTGATC,,,,,,,,,
686,GTGATCT,,,,,,,,,
687,TGATCTA,,,,,,,,,
688,GATCTAG,,,,,,,,,
689,ATCTAGC,,,,,,,,,
690,TCTAGCC,,,,,,,,,
691,CTAGCCA,,,,,,,,,
692,TAGCCAT,,,,,,,,,
693,AGCCATG,,,,,,,,,
694,GCCATGG,,,,,,,,,
695,CCATGGG,,,,,,,,,
696,CATGGGC,,,,,,,,,
697,ATGGGCA,,,,,,,,,
698,TGGGCAG,,,,,,,,,
699,GGGCAGG,,,,,,,,,
700,GGCAGGT,,,,,,,,,
701,GCAGGTT,,,,,,,,,
702,CAGGTTG,,,,,,,,,
703,AGGTTGA,,,,,,,,,
704,GGTTGAA,,,,,,,,,
705,GTTGAAG,,,,,,,,,
706,TTGAAGG,,,,,,,,,
707,TGAAGGT,,,,,,,,,
708,GAAGGTT,,,,,,,,,
709,AAGGTTG,,,,,,,,,
710,AGGTTGG,,,,,,,,,
711,GGTTGGG,,,,,,,,,
712,GTTGGGT,,,,,,,,,
713,TTGGGTA,,,,,,,,,
714,TGGGTAA,,,,,,,,,
715,GGGTAAC,,,,,,,,,
716,GGTAACA,,,,,,,,,
717,GTAACAC,,,,,,,,,
718,TAACACT,,,,,,,,,
719,AACACTA,,,,,,,,,
720,ACACTAA,,,,,,,,,
721,CACTAAC,,,,,,,,,
722,ACTAACT,,,,,,,,,
723,CTAACTG,,,,,,,,,
724,TAACTGG,,,,,,,,,
725,AACTGGA,,,,,,,,,
726,ACTGGAG,,,,,,,,,
727,CTGGAGG,,,,,,,,,
728,TGGAGGA,,,,,,,,,
729,GGAGGAC,,,,,,,,,
730,GAGGACC,,,,,,,,,
731,AGGACCG,,,,,,,,,
732,GGACCGA,,,,,,,,,
733,GACCGAA,,,,,,,,,
734,ACCGAAC,,,,,,,,,
735,CCGAACC,,,,,,,,,
736,CGAACCG,,,,,,,,,
737,GAACCGA,,,,,,,,,
738,AACCGAC,,,,,,,,,
739,ACCGACT,,,,,,,,,
740,CCGACTA,,,,,,,,,
741,CGACTAA,,,,,,,,,
742,GACTAAT,,,,,,,,,
743,ACTAATG,,,,,,,,,
744,CTAATGT,,,,,,,,,
745,TAATGTT,,,,,,,,,
746,AATGTTG,,,,,,,,,
747,ATGTTGA,,,,,,,,,
748,TGTTGAA,,,,,,,,,
749,GTTGAAA,,,,,,,,,
750,TTGAAAA,,,,,,,,,
751,TGAAAAA,,,,,,,,,
752,GAAAAAT,,,,,,,,,
753,AAAAATT,,,,,,,,,
754,AAAATTA,,,,,,,,,
755,AAATTAG,,,,,,,,,
756,AATTAGC,,,,,,,,,
757,ATTAGCG,,,,,,,,,
758,TTAGCGG,,,,,,,,,
759,TAGCGGA,,,,,,,,,
760,AGCGGAT,,,,,,,,,
761,GCGGATG,,,,,,,,,
762,CGGATGA,,,,,,,,,
763,GGATGAC,,,,,,,,,
764,GATGACT,,,,,,,,,
765,ATGACTT,,,,,,,,,
766,TGACTTG,,,,,,,,,
767,GACTTGT,,,,,,,,,
768,ACTTGTG,,,,,,,,,
769,CTTGTGG,,,,,,,,,
770,TTGTGGC,,,,,,,,,
771,TGTGGCT,,,,,,,,,
772,GTGGCTG,,,,,,,,,
773,TGGCTGG,,,,,,,,,
774,GGCTGGG,,,,,,,,,
775,GCTGGGG,,,,,,,,,
776,CTGGGGG,,,,,,,,,
777,TGGGGGT,,,,,,,,,
778,GGGGGTG,,,,,,,,,
779,GGGGTGA,,,,,,,,,
780,GGGTGAA,,,,,,,,,
781,GGTGAAA,,,,,,,,,
782,GTGAAAG,,,,,,,,,
783,TGAAAGG,,,,,,,,,
784,GAAAGGC,,,,,,,,,
785,AAAGGCC,,,,,,,,,
786,AAGGCCA,,,,,,,,,
787,AGGCCAA,,,,,,,,,
788,GGCCAAT,,,,,,,,,
789,GCCAATC,,,,,,,,,
790,CCAATCA,,,,,,,,,
791,CAATCAA,,,,,,,,,
792,AATCAAA,,,,,,,,,
793,ATCAAAC,,,,,,,,,
794,TCAAACC,,,,,,,,,
795,CAAACCG,,,,,,,,,
796,AAACCGG,,,,,,,,,
797,AACCGGG,,,,,,,,,
798,ACCGGGA,,,,,,,,,
799,CCGGGAG,,,,,,,,,
800,CGGGAGA,,,,,,,,,
801,GGGAGAT,,,,,,,,,
802,GGAGATA,,,,,,,,,
803,GAGATAG,,,,,,,,,
804,AGATAGC,,,,,,,,,
805,GATAGCT,,,,,,,,,
806,ATAGCTG,,,,,,,,,
807,TAGCTGG,,,,,,,,,
808,AGCTGGT,,,,,,,,,
809,GCTGGTT,,,,,,,,,
810,CTGGTTC,,,,,,,,,
811,TGGTTCT,,,,,,,,,
812,GGTTCTC,,,,,,,,,
813,GTTCTCC,,,,,,,,,
814,TTCTCCC,,,,,,,,,
815,TCTCCCC,,,,,,,,,
816,CTCCCCG,,,,,,,,,
817,TCCCCGA,,,,,,,,,
818,CCCCGAA,,,,,,,,,
819,CCCGAAA,,,,,,,,,
820,CCGAAAG,,,,,,,,,
821,CGAAAGC,,,,,,,,,
822,GAAAGCT,,,,,,,,,
823,AAAGCTA,,,,,,,,,
824,AAGCTAT,,,,,,,,,
825,AGCTATT,,,,,,,,,
826,GCTATTT,,,,,,,,,
827,CTATTTA,,,,,,,,,
828,TATTTAG,,,,,,,,,
829,ATTTAGG,,,,,,,,,
830,TTTAGGT,,,,,,,,,
831,TTAGGTA,,,,,,,,,
832,TAGGTAG,,,,,,,,,
833,AGGTAGC,,,,,,,,,
834,GGTAGCG,,,,,,,,,
835,GTAGCGC,,,,,,,,,
836,TAGCGCC,,,,,,,,,
837,AGCGCCT,,,,,,,,,
838,GCGCCTC,,,,,,,,,
839,CGCCTCG,,,,,,,,,
840,GCCTCGT,,,,,,,,,
841,CCTCGTG,,,,,,,,,
842,CTCGTGA,,,,,,,,,
843,TCGTGAA,,,,,,,,,
844,CGTGAAY,,,,,,,,,
845,GTGAAYT,,,,,,,,,
846,TGAAYTC,,,,,,,,,
847,GAAYTCA,,,,,,,,,
848,AAYTCAT,,,,,,,,,
849,AYTCATC,,,,,,,,,
850,YTCATCT,,,,,,,,,
851,TCATCTC,,,,,,,,,
852,CATCTCC,,,,,,,,,
853,ATCTCCG,,,,,,,,,
854,TCTCCGG,,,,,,,,,
855,CTCCGGG,,,,,,,,,
856,TCCGGGG,,,,,,,,,
857,CCGGGGG,,,,,,,,,
858,CGGGGGT,,,,,,,,,
859,GGGGGTA,,,,,,,,,
860,GGGGTAG,,,,,,,,,
861,GGGTAGA,,,,,,,,,
862,GGTAGAG,,,,,,,,,
863,GTAGAGC,,,,,,,,,
864,TAGAGCA,,,,,,,,,
865,AGAGCAC,,,,,,,,,
866,GAGCACT,,,,,,,,,
867,AGCACTG,,,,,,,,,
868,GCACTGT,,,,,,,,,
869,CACTGTT,,,,,,,,,
870,ACTGTTT,,,,,,,,,
871,CTGTTTC,,,,,,,,,
872,TGTTTCG,,,,,,,,,
873,GTTTCGG,,,,,,,,,
874,TTTCGGC,,,,,,,,,
875,TTCGGCA,,,,,,,,,
876,TCGGCAA,,,,,,,,,
877,CGGCAAG,,,,,,,,,
878,GGCAAGG,,,,,,,,,
879,GCAAGGG,,,,,,,,,
880,CAAGGGG,,,,,,,,,
881,AAGGGGG,,,,,,,,,
882,AGGGGGT,,,,,,,,,
883,GGGGGTC,,,,,,,,,
884,GGGGTCA,,,,,,,,,
885,GGGTCAT,,,,,,,,,
886,GGTCATC,,,,,,,,,
887,GTCATCC,,,,,,,,,
888,TCATCCC,,,,,,,,,
889,CATCCCG,,,,,,,,,
890,ATCCCGA,,,,,,,,,
891,TCCCGAC,,,,,,,,,
892,CCCGACT,,,,,,,,,
893,CCGACTT,,,,,,,,,
894,CGACTTA,,,,,,,,,
895,GACTTAC,,,,,,,,,
896,ACTTACC,,,,,,,,,
897,CTTACCA,,,,,,,,,
898,TTACCAA,,,,,,,,,
899,TACCAAC,,,,,,,,,
900,ACCAACC,,,,,,,,,
901,CCAACCC,,,,,,,,,
902,CAACCCG,,,,,,,,,
903,AACCCGA,,,,,,,,,
904,ACCCGAT,,,,,,,,,
905,CCCGATG,,,,,,,,,
906,CCGATGC,,,,,,,,,
907,CGATGCA,,,,,,,,,
908,GATGCAA,,,,,,,,,
909,ATGCAAA,,,,,,,,,
910,TGCAAAC,,,,,,,,,
911,GCAAACT,,,,,,,,,
912,CAAACTG,,,,,,,,,
913,AAACTGC,,,,,,,,,
914,AACTGCG,,,,,,,,,
915,ACTGCGA,,,,,,,,,
916,CTGCGAA,,,,,,,,,
917,TGCGAAT,,,,,,,,,
918,GCGAATA,,,,,,,,,
919,CGAATAC,,,,,,,,,
920,GAATACC,,,,,,,,,
921,AATACCG,,,,,,,,,
922,ATACCGG,,,,,,,,,
923,TACCGGA,,,,,,,,,
924,ACCGGAG,,,,,,,,,
925,CCGGAGA,,,,,,,,,
926,CGGAGAA,,,,,,,,,
927,GGAGAAT,,,,,,,,,
928,GAGAATG,,,,,,,,,
929,AGAATGT,,,,,,,,,
930,GAATGTT,,,,,,,,,
931,AATGTTA,,,,,,,,,
932,ATGTTAT,,,,,,,,,
933,TGTTATC,,,,,,,,,
934,GTTATCA,,,,,,,,,
935,TTATCAC,,,,,,,,,
936,TATCACG,,,,,,,,,
937,ATCACGG,,,,,,,,,
938,TCACGGG,,,,,,,,,
939,CACGGGA,,,,,,,,,
940,ACGGGAG,,,,,,,,,
941,CGGGAGA,,,,,,,,,
942,GGGAGAC,,,,,,,,,
943,GGAGACA,,,,,,,,,
944,GAGACAC,,,,,,,,,
945,AGACACA,,,,,,,,,
946,GACACAC,,,,,,,,,
947,ACACACG,,,,,,,,,
948,CACACGG,,,,,,,,,
949,ACACGGC,,,,,,,,,
950,CACGGCG,,,,,,,,,
951,ACGGCGG,,,,,,,,,
952,CGGCGGG,,,,,,,,,
953,GGCGGGT,,,,,,,,,
954,GCGGGTG,,,,,,,,,
955,CGGGTGC,,,,,,,,,
956,GGGTGCT,,,,,,,,,
957,GGTGCTA,,,,,,,,,
958,GTGCTAA,,,,,,,,,
959,TGCTAAC,,,,,,,,,
960,GCTAACG,,,,,,,,,
961,CTAACGT,,,,,,,,,
962,TAACGTC,,,,,,,,,
963,AACGTCC,,,,,,,,,
964,ACGTCCG,,,,,,,,,
965,CGTCCGT,,,,,,,,,
966,GTCCGTC,,,,,,,,,
967,TCCGTCG,,,,,,,,,
968,CCGTCGT,,,,,,,,,
969,CGTCGTG,,,,,,,,,
970,GTCGTGA,,,,,,,,,
971,TCGTGAA,,,,,,,,,
972,CGTGAAG,,,,,,,,,
973,GTGAAGA,,,,,,,,,
974,TGAAGAG,,,,,,,,,
975,GAAGAGG,,,,,,,,,
976,AAGAGGG,,,,,,,,,
977,AGAGGGA,,,,,,,,,
978,GAGGGAA,,,,,,,,,
979,AGGGAAA,,,,,,,,,
980,GGGAAAC,,,,,,,,,
981,GGAAACA,,,,,,,,,
982,GAAACAA,,,,,,,,,
983,AAACAAC,,,,,,,,,
984,AACAACC,,,,,,,,,
985,ACAACCC,,,,,,,,,
986,CAACCCA,,,,,,,,,
987,AACCCAG,,,,,,,,,
988,ACCCAGA,,,,,,,,,
989,CCCAGAC,,,,,,,,,
990,CCAGACC,,,,,,,,,
991,CAGACCG,,,,,,,,,
992,AGACCGC,,,,,,,,,
993,GACCGCC,,,,,,,,,
994,ACCGCCA,,,,,,,,,
995,CCGCCAG,,,,,,,,,
996,CGCCAGC,,,,,,,,,
997,GCCAGCT,,,,,,,,,
998,CCAGCTA,,,,,,,,,
999,CAGCTAA,,,,,,,,,
1000,AGCTAAG,,,,,,,,,
1001,GCTAAGG,,,,,,,,,
1002,CTAAGGT,,,,,,,,,
1003,TAAGGTC,,,,,,,,,
1004,AAGGTCC,,,,,,,,,
1005,AGGTCCC,,,,,,,,,
1006,GGTCCCA,,,,,,,,,
1007,GTCCCAA,,,,,,,,,
1008,TCCCAAA,,,,,,,,,
1009,CCCAAAG,,,,,,,,,
1010,CCAAAGT,,,,,,,,,
1011,CAAAGTC,,,,,,,,,
1012,AAAGTCA,,,,,,,,,
1013,AAGTCAT,,,,,,,,,
1014,AGTCATG,,,,,,,,,
1015,GTCATGG,,,,,,,,,
1016,TCATGGT,,,,,,,,,
1017,CATGGTT,,,,,,,,,
1018,ATGGTTA,,,,,,,,,
1019,TGGTTAA,,,,,,,,,
1020,GGTTAAG,,,,,,,,,
1021,GTTAAGT,,,,,,,,,
1022,TTAAGTG,,,,,,,,,
1023,TAAGTGG,,,,,,,,,
1024,AAGTGGG,,,,,,,,,
1025,AGTGGGA,,,,,,,,,
1026,GTGGGAA,,,,,,,,,
1027,TGGGAAA,,,,,,,,,
1028,GGGAAAC,,,,,,,,,
1029,GGAAACG,,,,,,,,,
1030,GAAACGA,,,,,,,,,
1031,AAACGAT,,,,,,,,,
1032,AACGATG,,,,,,,,,
1033,ACGATGT,,,,,,,,,
1034,CGATGTG,,,,,,,,,
1035,GATGTGG,,,,,,,,,
1036,ATGTGGG,,,,,,,,,
1037,TGTGGGA,,,,,,,,,
1038,GTGGGAA,,,,,,,,,
1039,TGGGAAG,,,,,,,,,
1040,GGGAAGG,,,,,,,,,
1041,GGAAGGC,,,,,,,,,
1042,GAAGGCC,,,,,,,,,
1043,AAGGCCC,,,,,,,,,
1044,AGGCCCA,,,,,,,,,
1045,GGCCCAG,,,,,,,,,
1046,GCCCAGA,,,,,,,,,
1047,CCCAGAC,,,,,,,,,
1048,CCAGACA,,,,,,,,,
1049,CAGACAG,,,,,,,,,
1050,AGACAGC,,,,,,,,,
1051,GACAGCC,,,,,,,,,
1052,ACAGCCA,,,,,,,,,
1053,CAGCCAG,,,,,,,,,
1054,AGCCAGG,,,,,,,,,
1055,GCCAGGA,,,,,,,,,
1056,CCAGGAT,,,,,,,,,
1057,CAGGATG,,,,,,,,,
1058,AGGATGT,,,,,,,,,
1059,GGATGTT,,,,,,,,,
1060,GATGTTG,,,,,,,,,
1061,ATGTTGG,,,,,,,,,
1062,TGTTGGC,,,,,,,,,
1063,GTTGGCT,,,,,,,,,
1064,TTGGCTT,,,,,,,,,
1065,TGGCTTA,,,,,,,,,
1066,GGCTTAG,,,,,,,,,
1067,GCTTAGA,,,,,,,,,
1068,CTTAGAA,,,,,,,,,
1069,TTAGAAG,,,,,,,,,
1070,TAGAAGC,,,,,,,,,
1071,AGAAGCA,,,,,,,,,
1072,GAAGCAG,,,,,,,,,
1073,AAGCAGC,,,,,,,,,
1074,AGCAGCC,,,,,,,,,
1075,GCAGCCA,,,,,,,,,
1076,CAGCCAT,,,,,,,,,
1077,AGCCATC,,,,,,,,,
1078,GCCATCA,,,,,,,,,
1079,CCATCAT,,,,,,,,,
1080,CATCATT,,,,,,,,,
1081,ATCATTT,,,,,,,,,
1082,TCATTTA,,,,,,,,,
1083,CATTTAA,,,,,,,,,
1084,ATTTAAA,,,,,,,,,
1085,TTTAAAG,,,,,,,,,
1086,TTAAAGA,,,,,,,,,
1087,TAAAGAA,,,,,,,,,
1088,AAAGAAA,,,,,,,,,
1089,AAGAAAG,,,,,,,,,
1090,AGAAAGC,,,,,,,,,
1091,GAAAGCG,,,,,,,,,
1092,AAAGCGT,,,,,,,,,
1093,AAGCGTA,,,,,,,,,
1094,AGCGTAA,,,,,,,,,
1095,GCGTAAT,,,,,,,,,
1096,CGTAATA,,,,,,,,,
1097,GTAATAG,,,,,,,,,
1098,TAATAGC,,,,,,,,,
1099,AATAGCT,,,,,,,,,
1100,ATAGCTC,,,,,,,,,
1101,TAGCTCA,,,,,,,,,
1102,AGCTCAC,,,,,,,,,
1103,GCTCACT,,,,,,,,,
1104,CTCACTG,,,,,,,,,
1105,TCACTGG,,,,,,,,,
1106,CACTGGT,,,,,,,,,
1107,ACTGGTC,,,,,,,,,
1108,CTGGTCG,,,,,,,,,
1109,TGGTCGA,,,,,,,,,
1110,GGTCGAG,,,,,,,,,
1111,GTCGAGT,,,,,,,,,
1112,TCGAGTC,,,,,,,,,
1113,CGAGTCG,,,,,,,,,
1114,GAGTCGG,,,,,,,,,
1115,AGTCGGC,,,,,,,,,
1116,GTCGGCC,,,,,,,,,
1117,TCGGCCT,,,,,,,,,
1118,CGGCCTG,,,,,,,,,
1119,GGCCTGC,,,,,,,,,
1120,GCCTGCG,,,,,,,,,
1121,CCTGCGC,,,,,,,,,
1122,CTGCGCG,,,,,,,,,
1123,TGCGCGG,,,,,,,,,
1124,GCGCGGA,,,,,,,,,
1125,CGCGGAA,,,,,,,,,
1126,GCGGAAG,,,,,,,,,
1127,CGGAAGA,,,,,,,,,
1128,GGAAGAT,,,,,,,,,
1129,GAAGATG,,,,,,,,,
1130,AAGATGT,,,,,,,,,
1131,AGATGTA,,,,,,,,,
1132,GATGTAA,,,,,,,,,
1133,ATGTAAC,,,,,,,,,
1134,TGTAACG,,,,,,,,,
1135,GTAACGG,,,,,,,,,
1136,TAACGGG,,,,,,,,,
1137,AACGGGG,,,,,,,,,
1138,ACGGGGC,,,,,,,,,
1139,CGGGGCT,,,,,,,,,
1140,GGGGCTA,,,,,,,,,
1141,GGGCTAA,,,,,,,,,
1142,GGCTAAA,,,,,,,,,
1143,GCTAAAC,,,,,,,,,
1144,CTAAACC,,,,,,,,,
1145,TAAACCA,,,,,,,,,
1146,AAACCAT,,,,,,,,,
1147,AACCATG,,,,,,,,,
1148,ACCATGC,,,,,,,,,
1149,CCATGCA,,,,,,,,,
1150,CATGCAC,,,,,,,,,
1151,ATGCACC,,,,,,,,,
1152,TGCACCG,,,,,,,,,
1153,GCACCGA,,,,,,,,,
1154,CACCGAA,,,,,,,,,
1155,ACCGAAG,,,,,,,,,
1156,CCGAAGC,,,,,,,,,
1157,CGAAGCT,,,,,,,,,
1158,GAAGCTG,,,,,,,,,
1159,AAGCTGC,,,,,,,,,
1160,AGCTGCG,,,,,,,,,
1161,GCTGCGG,,,,,,,,,
1162,CTGCGGC,,,,,,,,,
1163,TGCGGCA,,,,,,,,,
1164,GCGGCAG,,,,,,,,,
1165,CGGCAGC,,,,,,,,,
1166,GGCAGCG,,,,,,,,,
1167,GCAGCGA,,,,,,,,,
1168,CAGCGAC,,,,,,,,,
1169,AGCGACR,,,,,,,,,
1170,GCGACRC,,,,,,,,,
1171,CGACRCT,,,,,,,,,
1172,GACRCTT,,,,,,,,,
1173,ACRCTTA,,,,,,,,,
1174,CRCTTAT,,,,,,,,,
1175,RCTTATG,,,,,,,,,
1176,CTTATGY,,,,,,,,,
1177,TTATGYG,,,,,,,,,
1178,TATGYGT,,,,,,,,,
1179,ATGYGTT,,,,,,,,,
1180,TGYGTTG,,,,,,,,,
1181,GYGTTGT,,,,,,,,,
1182,YGTTGTT,,,,,,,,,
1183,GTTGTTG,,,,,,,,,
1184,TTGTTGG,,,,,,,,,
1185,TGTTGGG,,,,,,,,,
1186,GTTGGGT,,,,,,,,,
1187,TTGGGTA,,,,,,,,,
1188,TGGGTAG,,,,,,,,,
1189,GGGTAGG,,,,,,,,,
1190,GGTAGGG,,,,,,,,,
1191,GTAGGGG,,,,,,,,,
1192,TAGGGGA,,,,,,,,,
1193,AGGGGAG,,,,,,,,,
1194,GGGGAGC,,,,,,,,,
1195,GGGAGCG,,,,,,,,,
1196,GGAGCGT,,,,,,,,,
1197,GAGCGTT,,,,,,,,,
1198,AGCGTTC,,,,,,,,,
1199,GCGTTCT,,,,,,,,,
1200,CGTTCTG,,,,,,,,,
1201,GTTCTGT,,,,,,,,,
1202,TTCTGTA,,,,,,,,,
1203,TCTGTAA,,,,,,,,,
1204,CTGTAAG,,,,,,,,,
1205,TGTAAGC,,,,,,,,,
1206,GTAAGCC,,,,,,,,,
1207,TAAGCCT,,,,,,,,,
1208,AAGCCTG,,,,,,,,,
1209,AGCCTGY,,,,,,,,,
1210,GCCTGYG,,,,,,,,,
1211,CCTGYGA,,,,,,,,,
1212,CTGYGAA,,,,,,,,,
1213,TGYGAAG,,,,,,,,,
1214,GYGAAGG,,,,,,,,,
1215,YGAAGGT,,,,,,,,,
1216,GAAGGTG,,,,,,,,,
1217,AAGGTGT,,,,,,,,,
1218,AGGTGTR,,,,,,,,,
1219,GGTGTRC,,,,,,,,,
1220,GTGTRCT,,,,,,,,,
1221,TGTRCTG,,,,,,,,,
1222,GTRCTGT,,,,,,,,,
1223,TRCTGTG,,,,,,,,,
1224,RCTGTGA,,,,,,,,,
1225,CTGTGAG,,,,,,,,,
1226,TGTGAGG,,,,,,,,,
1227,GTGAGGY,,,,,,,,,
1228,TGAGGYA,,,,,,,,,
1229,GAGGYAT,,,,,,,,,
1230,AGGYATG,,,,,,,,,
1231,GGYATGC,,,,,,,,,
1232,GYATGCT,,,,,,,,,
1233,YATGCTG,,,,,,,,,
1234,ATGCTGG,,,,,,,,,
1235,TGCTGGA,,,,,,,,,
1236,GCTGGAG,,,,,,,,,
1237,CTGGAGG,,,,,,,,,
1238,TGGAGGT,,,,,,,,,
1239,GGAGGTA,,,,,,,,,
1240,GAGGTAT,,,,,,,,,
1241,AGGTATC,,,,,,,,,
1242,GGTATCA,,,,,,,,,
1243,GTATCAG,,,,,,,,,
1244,TATCAGA,,,,,,,,,
1245,ATCAGAA,,,,,,,,,
1246,TCAGAAG,,,,,,,,,
1247,CAGAAGT,,,,,,,,,
1248,AGAAGTG,,,,,,,,,
1249,GAAGTGC,,,,,,,,,
1250,AAGTGCG,,,,,,,,,
1251,AGTGCGA,,,,,,,,,
1252,GTGCGAA,,,,,,,,,
1253,TGCGAAT,,,,,,,,,
1254,GCGAATG,,,,,,,,,
1255,CGAATGC,,,,,,,,,
1256,GAATGCT,,,,,,,,,
1257,AATGCTG,,,,,,,,,
1258,ATGCTGA,,,,,,,,,
1259,TGCTGAC,,,,,,,,,
1260,GCTGACA,,,,,,,,,
1261,CTGACAT,,,,,,,,,
1262,TGACATA,,,,,,,,,
1263,GACATAA,,,,,,,,,
1264,ACATAAG,,,,,,,,,
1265,CATAAGT,,,,,,,,,
1266,ATAAGTA,,,,,,,,,
1267,TAAGTAA,,,,,,,,,
1268,AAGTAAC,,,,,,,,,
1269,AGTAACG,,,,,,,,,
1270,GTAACGA,,,,,,,,,
1271,TAACGAT,,,,,,,,,
1272,AACGATA,,,,,,,,,
1273,ACGATAA,,,,,,,,,
1274,CGATAAA,,,,,,,,,
1275,GATAAAG,,,,,,,,,
1276,ATAAAGC,,,,,,,,,
1277,TAAAGCG,,,,,,,,,
1278,AAAGCGG,,,,,,,,,
1279,AAGCGGG,,,,,,,,,
1280,AGCGGGT,,,,,,,,,
1281,GCGGGTG,,,,,,,,,
1282,CGGGTGA,,,,,,,,,
1283,GGGTGAA,,,,,,,,,
1284,GGTGAAA,,,,,,,,,
1285,GTGAAAA,,,,,,,,,
1286,TGAAAAG,,,,,,,,,
1287,GAAAAGC,,,,,,,,,
1288,AAAAGCC,,,,,,,,,
1289,AAAGCCC,,,,,,,,,
1290,AAGCCCG,,,,,,,,,
1291,AGCCCGC,,,,,,,,,
1292,GCCCGCT,,,,,,,,,
1293,CCCGCTC,,,,,,,,,
1294,CCGCTCG,,,,,,,,,
1295,CGCTCGC,,,,,,,,,
1296,GCTCGCC,,,,,,,,,
1297,CTCGCCG,,,,,,,,,
1298,TCGCCGG,,,,,,,,,
1299,CGCCGGA,,,,,,,,,
1300,GCCGGAA,,,,,,,,,
1301,CCGGAAG,,,,,,,,,
1302,CGGAAGA,,,,,,,,,
1303,GGAAGAC,,,,,,,,,
1304,GAAGACC,,,,,,,,,
1305,AAGACCA,,,,,,,,,
1306,AGACCAA,,,,,,,,,
1307,GACCAAG,,,,,,,,,
1308,ACCAAGG,,,,,,,,,
1309,CCAAGGG,,,,,,,,,
1310,CAAGGGT,,,,,,,,,
1311,AAGGGTT,,,,,,,,,
1312,AGGGTTC,,,,,,,,,
1313,GGGTTCC,,,,,,,,,
1314,GGTTCCT,,,,,,,,,
1315,GTTCCTG,,,,,,,,,
1316,TTCCTGT,,,,,,,,,
1317,TCCTGTC,,,,,,,,,
1318,CCTGTCC,,,,,,,,,
1319,CTGTCCA,,,,,,,,,
1320,TGTCCAA,,,,,,,,,
1321,GTCCAAC,,,,,,,,,
1322,TCCAACG,,,,,,,,,
1323,CCAACGT,,,,,,,,,
1324,CAACGTT,,,,,,,,,
1325,AACGTTA,,,,,,,,,
1326,ACGTTAA,,,,,,,,,
1327,CGTTAAT,,,,,,,,,
1328,GTTAATC,,,,,,,,,
1329,TTAATCG,,,,,,,,,
1330,TAATCGG,,,,,,,,,
1331,AATCGGG,,,,,,,,,
1332,ATCGGGG,,,,,,,,,
1333,TCGGGGC,,,,,,,,,
1334,CGGGGCA,,,,,,,,,
1335,GGGGCAG,,,,,,,,,
1336,GGGCAGG,,,,,,,,,
1337,GGCAGGG,,,,,,,,,
1338,GCAGGGT,,,,,,,,,
1339,CAGGGTG,,,,,,,,,
1340,AGGGTGA,,,,,,,,,
1341,GGGTGAG,,,,,,,,,
1342,GGTGAGT,,,,,,,,,
1343,GTGAGTC,,,,,,,,,
1344,TGAGTCG,,,,,,,,,
1345,GAGTCGA,,,,,,,,,
1346,AGTCGAC,,,,,,,,,
1347,GTCGACC,,,,,,,,,
1348,TCGACCC,,,,,,,,,
1349,CGACCCC,,,,,,,,,
1350,GACCCCT,,,,,,,,,
1351,ACCCCTA,,,,,,,,,
1352,CCCCTAA,,,,,,,,,
1353,CCCTAAG,,,,,,,,,
1354,CCTAAGG,,,,,,,,,
1355,CTAAGGC,,,,,,,,,
1356,TAAGGCG,,,,,,,,,
1357,AAGGCGA,,,,,,,,,
1358,AGGCGAG,,,,,,,,,
1359,GGCGAGG,,,,,,,,,
1360,GCGAGGC,,,,,,,,,
1361,CGAGGCC,,,,,,,,,
1362,GAGGCCG,,,,,,,,,
1363,AGGCCGA,,,,,,,,,
1364,GGCCGAA,,,,,,,,,
1365,GCCGAAA,,,,,,,,,
1366,CCGAAAG,,,,,,,,,
1367,CGAAAGG,,,,,,,,,
1368,GAAAGGC,,,,,,,,,
1369,AAAGGCG,,,,,,,,,
1370,AAGGCGT,,,,,,,,,
1371,AGGCGTA,,,,,,,,,
1372,GGCGTAG,,,,,,,,,
1373,GCGTAGT,,,,,,,,,
1374,CGTAGTC,,,,,,,,,
1375,GTAGTCG,,,,,,,,,
1376,TAGTCGA,,,,,,,,,
1377,AGTCGAT,,,,,,,,,
1378,GTCGATG,,,,,,,,,
1379,TCGATGG,,,,,,,,,
1380,CGATGGG,,,,,,,,,
1381,GATGGGA,,,,,,,,,
1382,ATGGGAA,,,,,,,,,
1383,TGGGAAA,,,,,,,,,
1384,GGGAAAC,,,,,,,,,
1385,GGAAACA,,,,,,,,,
1386,GAAACAG,,,,,,,,,
1387,AAACAGG,,,,,,,,,
1388,AACAGGT,,,,,,,,,
1389,ACAGGTT,,,,,,,,,
1390,CAGGTTA,,,,,,,,,
1391,AGGTTAA,,,,,,,,,
1392,GGTTAAT,,,,,,,,,
1393,GTTAATA,,,,,,,,,
1394,TTAATAT,,,,,,,,,
1395,TAATATT,,,,,,,,,
1396,AATATTC,,,,,,,,,
1397,ATATTCC,,,,,,,,,
1398,TATTCCT,,,,,,,,,
1399,ATTCCTG,,,,,,,,,
1400,TTCCTGT,,,,,,,,,
1401,TCCTGTA,,,,,,,,,
1402,CCTGTAC,,,,,,,,,
1403,CTGTACT,,,,,,,,,
1404,TGTACTT,,,,,,,,,
1405,GTACTTG,,,,,,,,,
1406,TACTTGG,,,,,,,,,
1407,ACTTGGT,,,,,,,,,
1408,CTTGGTG,,,,,,,,,
1409,TTGGTGT,,,,,,,,,
1410,TGGTGTT,,,,,,,,,
1411,GGTGTTA,,,,,,,,,
1412,GTGTTAC,,,,,,,,,
1413,TGTTACT,,,,,,,,,
1414,GTTACTG,,,,,,,,,
1415,TTACTGC,,,,,,,,,
1416,TACTGCG,,,,,,,,,
1417,ACTGCGA,,,,,,,,,
1418,CTGCGAA,,,,,,,,,
1419,TGCGAAG,,,,,,,,,
1420,GCGAAGG,,,,,,,,,
1421,CGAAGGG,,,,,,,,,
1422,GAAGGGG,,,,,,,,,
1423,AAGGGGG,,,,,,,,,
1424,AGGGGGG,,,,,,,,,
1425,GGGGGGA,,,,,,,,,
1426,GGGGGAC,,,,,,,,,
1427,GGGGACG,,,,,,,,,
1428,GGGACGG,,,,,,,,,
1429,GGACGGA,,,,,,,,,
1430,GACGGAG,,,,,,,,,
1431,ACGGAGA,,,,,,,,,
1432,CGGAGAA,,,,,,,,,
1433,GGAGAAG,,,,,,,,,
1434,GAGAAGG,,,,,,,,,
1435,AGAAGGC,,,,,,,,,
1436,GAAGGCT,,,,,,,,,
1437,AAGGCTA,,,,,,,,,
1438,AGGCTAT,,,,,,,,,
1439,GGCTATG,,,,,,,,,
1440,GCTATGT,,,,,,,,,
1441,CTATGTT,,,,,,,,,
1442,TATGTTG,,,,,,,,,
1443,ATGTTGG,,,,,,,,,
1444,TGTTGGC,,,,,,,,,
1445,GTTGGCC,,,,,,,,,
1446,TTGGCCG,,,,,,,,,
1447,TGGCCGG,,,,,,,,,
1448,GGCCGGG,,,,,,,,,
1449,GCCGGGC,,,,,,,,,
1450,CCGGGCG,,,,,,,,,
1451,CGGGCGA,,,,,,,,,
1452,GGGCGAC,,,,,,,,,
1453,GGCGACG,,,,,,,,,
1454,GCGACGG,,,,,,,,,
1455,CGACGGT,,,,,,,,,
1456,GACGGTT,,,,,,,,,
1457,ACGGTTG,,,,,,,,,
1458,CGGTTGT,,,,,,,,,
1459,GGTTGTC,,,,,,,,,
1460,GTTGTCC,,,,,,,,,
1461,TTGTCCC,,,,,,,,,
1462,TGTCCCG,,,,,,,,,
1463,GTCCCGG,,,,,,,,,
1464,TCCCGGT,,,,,,,,,
1465,CCCGGTT,,,,,,,,,
1466,CCGGTTT,,,,,,,,,
1467,CGGTTTA,,,,,,,,,
1468,GGTTTAA,,,,,,,,,
1469,GTTTAAG,,,,,,,,,
1470,TTTAAGC,,,,,,,,,
1471,TTAAGCG,,,,,,,,,
1472,TAAGCGT,,,,,,,,,
1473,AAGCGTG,,,,,,,,,
1474,AGCGTGT,,,,,,,,,
1475,GCGTGTA,,,,,,,,,
1476,CGTGTAG,,,,,,,,,
1477,GTGTAGG,,,,,,,,,
1478,TGTAGGC,,,,,,,,,
1479,GTAGGCT,,,,,,,,,
1480,TAGGCTG,,,,,,,,,
1481,AGGCTGG,,,,,,,,,
1482,GGCTGGT,,,,,,,,,
1483,GCTGGTT,,,,,,,,,
1484,CTGGTTT,,,,,,,,,
1485,TGGTTTT,,,,,,,,,
1486,GGTTTTC,,,,,,,,,
1487,GTTTTCC,,,,,,,,,
1488,TTTTCCA,,,,,,,,,
1489,TTTCCAG,,,,,,,,,
1490,TTCCAGG,,,,,,,,,
1491,TCCAGGC,,,,,,,,,
1492,CCAGGCA,,,,,,,,,
1493,CAGGCAA,,,,,,,,,
1494,AGGCAAA,,,,,,,,,
1495,GGCAAAT,,,,,,,,,
1496,GCAAATC,,,,,,,,,
1497,CAAATCC,,,,,,,,,
1498,AAATCCG,,,,,,,,,
1499,AATCCGG,,,,,,,,,
1500,ATCCGGA,,,,,,,,,
1501,TCCGGAA,,,,,,,,,
1502,CCGGAAA,,,,,,,,,
1503,CGGAAAA,,,,,,,,,
1504,GGAAAAT,,,,,,,,,
1505,GAAAATC,,,,,,,,,
1506,AAAATCA,,,,,,,,,
1507,AAATCAA,,,,,,,,,
1508,AATCAAG,,,,,,,,,
1509,ATCAAGG,,,,,,,,,
1510,TCAAGGC,,,,,,,,,
1511,CAAGGCT,,,,,,,,,
1512,AAGGCTG,,,,,,,,,
1513,AGGCTGA,,,,,,,,,
1514,GGCTGAG,,,,,,,,,
1515,GCTGAGG,,,,,,,,,
1516,CTGAGGC,,,,,,,,,
1517,TGAGGCG,,,,,,,,,
1518,GAGGCGT,,,,,,,,,
1519,AGGCGTG,,,,,,,,,
1520,GGCGTGA,,,,,,,,,
1521,GCGTGAT,,,,,,,,,
1522,CGTGATG,,,,,,,,,
1523,GTGATGA,,,,,,,,,
1524,TGATGAC,,,,,,,,,
1525,GATGACG,,,,,,,,,
1526,ATGACGA,,,,,,,,,
1527,TGACGAG,,,,,,,,,
1528,GACGAGG,,,,,,,,,
1529,ACGAGGC,,,,,,,,,
1530,CGAGGCA,,,,,,,,,
1531,GAGGCAC,,,,,,,,,
1532,AGGCACT,,,,,,,,,
1533,GGCACTA,,,,,,,,,
1534,GCACTAC,,,,,,,,,
1535,CACTACG,,,,,,,,,
1536,ACTACGG,,,,,,,,,
1537,CTACGGT,,,,,,,,,
1538,TACGGTG,,,,,,,,,
1539,ACGGTGC,,,,,,,,,
1540,CGGTGCT,,,,,,,,,
1541,GGTGCTG,,,,,,,,,
1542,GTGCTGA,,,,,,,,,
1543,TGCTGAA,,,,,,,,,
1544,GCTGAAG,,,,,,,,,
1545,CTGAAGC,,,,,,,,,
1546,TGAAGCA,,,,,,,,,
1547,GAAGCAA,,,,,,,,,
1548,AAGCAAC,,,,,,,,,
1549,AGCAACA,,,,,,,,,
1550,GCAACAA,,,,,,,,,
1551,CAACAAA,,,,,,,,,
1552,AACAAAT,,,,,,,,,
1553,ACAAATG,,,,,,,,,
1554,CAAATGC,,,,,,,,,
1555,AAATGCC,,,,,,,,,
1556,AATGCCC,,,,,,,,,
1557,ATGCCCT,,,,,,,,,
1558,TGCCCTG,,,,,,,,,
1559,GCCCTGC,,,,,,,,,
1560,CCCTGCT,,,,,,,,,
1561,CCTGCTT,,,,,,,,,
1562,CTGCTTC,,,,,,,,,
1563,TGCTTCC,,,,,,,,,
1564,GCTTCCA,,,,,,,,,
1565,CTTCCAG,,,,,,,,,
1566,TTCCAGG,,,,,,,,,
1567,TCCAGGA,,,,,,,,,
1568,CCAGGAA,,,,,,,,,
1569,CAGGAAA,,,,,,,,,
1570,AGGAAAA,,,,,,,,,
1571,GGAAAAG,,,,,,,,,
1572,GAAAAGC,,,,,,,,,
1573,AAAAGCC,,,,,,,,,
1574,AAAGCCT,,,,,,,,,
1575,AAGCCTC,,,,,,,,,
1576,AGCCTCT,,,,,,,,,
1577,GCCTCTA,,,,,,,,,
1578,CCTCTAA,,,,,,,,,
1579,CTCTAAG,,,,,,,,,
1580,TCTAAGC,,,,,,,,,
1581,CTAAGCA,,,,,,,,,
1582,TAAGCAT,,,,,,,,,
1583,AAGCATC,,,,,,,,,
1584,AGCATCA,,,,,,,,,
1585,GCATCAG,,,,,,,,,
1586,CATCAGG,,,,,,,,,
1587,ATCAGGT,,,,,,,,,
1588,TCAGGTA,,,,,,,,,
1589,CAGGTAA,,,,,,,,,
1590,AGGTAAC,,,,,,,,,
1591,GGTAACA,,,,,,,,,
1592,GTAACAT,,,,,,,,,
1593,TAACATC,,,,,,,,,
1594,AACATCA,,,,,,,,,
1595,ACATCAA,,,,,,,,,
1596,CATCAAA,,,,,,,,,
1597,ATCAAAT,,,,,,,,,
1598,TCAAATC,,,,,,,,,
1599,CAAATCG,,,,,,,,,
1600,AAATCGT,,,,,,,,,
1601,AATCGTA,,,,,,,,,
1602,ATCGTAC,,,,,,,,,
1603,TCGTACC,,,,,,,,,
1604,CGTACCC,,,,,,,,,
1605,GTACCCC,,,,,,,,,
1606,TACCCCA,,,,,,,,,
1607,ACCCCAA,,,,,,,,,
1608,CCCCAAA,,,,,,,,,
1609,CCCAAAC,,,,,,,,,
1610,CCAAACC,,,,,,,,,
1611,CAAACCG,,,,,,,,,
1612,AAACCGA,,,,,,,,,
1613,AACCGAC,,,,,,,,,
1614,ACCGACA,,,,,,,,,
1615,CCGACAC,,,,,,,,,
1616,CGACACA,,,,,,,,,
1617,GACACAG,,,,,,,,,
1618,ACACAGG,,,,,,,,,
1619,CACAGGT,,,,,,,,,
1620,ACAGGTG,,,,,,,,,
1621,CAGGTGG,,,,,,,,,
1622,AGGTGGT,,,,,,,,,
1623,GGTGGTC,,,,,,,,,
1624,GTGGTCA,,,,,,,,,
1625,TGGTCAG,,,,,,,,,
1626,GGTCAGG,,,,,,,,,
1627,GTCAGGT,,,,,,,,,
1628,TCAGGTA,,,,,,,,,
1629,CAGGTAG,,,,,,,,,
1630,AGGTAGA,,,,,,,,,
1631,GGTAGAG,,,,,,,,,
1632,GTAGAGA,,,,,,,,,
1633,TAGAGAA,,,,,,,,,
1634,AGAGAAT,,,,,,,,,
1635,GAGAATA,,,,,,,,,
1636,AGAATAC,,,,,,,,,
1637,GAATACC,,,,,,,,,
1638,AATACCA,,,,,,,,,
1639,ATACCAA,,,,,,,,,
1640,TACCAAG,,,,,,,,,
1641,ACCAAGG,,,,,,,,,
1642,CCAAGGC,,,,,,,,,
1643,CAAGGCG,,,,,,,,,
1644,AAGGCGC,,,,,,,,,
1645,AGGCGCT,,,,,,,,,
1646,GGCGCTT,,,,,,,,,
1647,GCGCTTG,,,,,,,,,
1648,CGCTTGA,,,,,,,,,
1649,GCTTGAG,,,,,,,,,
1650,CTTGAGA,,,,,,,,,
1651,TTGAGAG,,,,,,,,,
1652,TGAGAGA,,,,,,,,,
1653,GAGAGAA,,,,,,,,,
1654,AGAGAAC,,,,,,,,,
1655,GAGAACT,,,,,,,,,
1656,AGAACTC,,,,,,,,,
1657,GAACTCG,,,,,,,,,
1658,AACTCGG,,,,,,,,,
1659,ACTCGGG,,,,,,,,,
1660,CTCGGGT,,,,,,,,,
1661,TCGGGTG,,,,,,,,,
1662,CGGGTGA,,,,,,,,,
1663,GGGTGAA,,,,,,,,,
1664,GGTGAAG,,,,,,,,,
1665,GTGAAGG,,,,,,,,,
1666,TGAAGGA,,,,,,,,,
1667,GAAGGAA,,,,,,,,,
1668,AAGGAAC,,,,,,,,,
1669,AGGAACT,,,,,,,,,
1670,GGAACTA,,,,,,,,,
1671,GAACTAG,,,,,,,,,
1672,AACTAGG,,,,,,,,,
1673,ACTAGGC,,,,,,,,,
1674,CTAGGCA,,,,,,,,,
1675,TAGGCAA,,,,,,,,,
1676,AGGCAAA,,,,,,,,,
1677,GGCAAAA,,,,,,,,,
1678,GCAAAAT,,,,,,,,,
1679,CAAAATG,,,,,,,,,
1680,AAAATGG,,,,,,,,,
1681,AAATGGT,,,,,,,,,
1682,AATGGTG,,,,,,,,,
1683,ATGGTGC,,,,,,,,,
1684,TGGTGCC,,,,,,,,,
1685,GGTGCCG,,,,,,,,,
1686,GTGCCGT,,,,,,,,,
1687,TGCCGTA,,,,,,,,,
1688,GCCGTAA,,,,,,,,,
1689,CCGTAAC,,,,,,,,,
1690,CGTAACT,,,,,,,,,
1691,GTAACTT,,,,,,,,,
1692,TAACTTC,,,,,,,,,
1693,AACTTCG,,,,,,,,,
1694,ACTTCGG,,,,,,,,,
1695,CTTCGGG,,,,,,,,,
1696,TTCGGGA,,,,,,,,,
1697,TCGGGAG,,,,,,,,,
1698,CGGGAGA,,,,,,,,,
1699,GGGAGAA,,,,,,,,,
1700,GGAGAAG,,,,,,,,,
1701,GAGAAGG,,,,,,,,,
1702,AGAAGGC,,,,,,,,,
1703,GAAGGCA,,,,,,,,,
1704,AAGGCAC,,,,,,,,,
1705,AGGCACG,,,,,,,,,
1706,GGCACGC,,,,,,,,,
1707,GCACGCT,,,,,,,,,
1708,CACGCTG,,,,,,,,,
1709,ACGCTGA,,,,,,,,,
1710,CGCTGAT,,,,,,,,,
1711,GCTGATA,,,,,,,,,
1712,CTGATAT,,,,,,,,,
1713,TGATATG,,,,,,,,,
1714,GATATGT,,,,,,,,,
1715,ATATGTA,,,,,,,,,
1716,TATGTAG,,,,,,,,,
1717,ATGTAGG,,,,,,,,,
1718,TGTAGGT,,,,,,,,,
1719,GTAGGTG,,,,,,,,,
1720,TAGGTGA,,,,,,,,,
1721,AGGTGAR,,,,,,,,,
1722,GGTGARG,,,,,,,,,
1723,GTGARGY,,,,,,,,,
1724,TGARGYS,,,,,,,,,
1725,GARGYSM,,,,,,,,,
1726,ARGYSMC,,,,,,,,,
1727,RGYSMCT,,,,,,,,,
1728,GYSMCTY,,,,,,,,,
1729,YSMCTYG,,,,,,,,,
1730,SMCTYGC,,,,,,,,,
1731,MCTYGCK,,,,,,,,,
1732,CTYGCKS,,,,,,,,,
1733,TYGCKSR,,,,,,,,,
1734,YGCKSRT,,,,,,,,,
1735,GCKSRTG,,,,,,,,,
1736,CKSRTGG,,,,,,,,,
1737,KSRTGGA,,,,,,,,,
1738,SRTGGAG,,,,,,,,,
1739,RTGGAGC,,,,,,,,,
1740,TGGAGCT,,,,,,,,,
1741,GGAGCTG,,,,,,,,,
1742,GAGCTGA,,,,,,,,,
1743,AGCTGAA,,,,,,,,,
1744,GCTGAAA,,,,,,,,,
1745,CTGAAAT,,,,,,,,,
1746,TGAAATC,,,,,,,,,
1747,GAAATCA,,,,,,,,,
1748,AAATCAG,,,,,,,,,
1749,AATCAGT,,,,,,,,,
1750,ATCAGTC,,,,,,,,,
1751,TCAGTCG,,,,,,,,,
1752,CAGTCGA,,,,,,,,,
1753,AGTCGAA,,,,,,,,,
1754,GTCGAAG,,,,,,,,,
1755,TCGAAGA,,,,,,,,,
1756,CGAAGAT,,,,,,,,,
1757,GAAGATA,,,,,,,,,
1758,AAGATAC,,,,,,,,,
1759,AGATACC,,,,,,,,,
1760,GATACCA,,,,,,,,,
1761,ATACCAG,,,,,,,,,
1762,TACCAGC,,,,,,,,,
1763,ACCAGCT,,,,,,,,,
1764,CCAGCTG,,,,,,,,,
1765,CAGCTGG,,,,,,,,,
1766,AGCTGGC,,,,,,,,,
1767,GCTGGCT,,,,,,,,,
1768,CTGGCTG,,,,,,,,,
1769,TGGCTGC,,,,,,,,,
1770,GGCTGCA,,,,,,,,,
1771,GCTGCAA,,,,,,,,,
1772,CTGCAAC,,,,,,,,,
1773,TGCAACT,,,,,,,,,
1774,GCAACTG,,,,,,,,,
1775,CAACTGT,,,,,,,,,
1776,AACTGTT,,,,,,,,,
1777,ACTGTTT,,,,,,,,,
1778,CTGTTTA,,,,,,,,,
1779,TGTTTAT,,,,,,,,,
1780,GTTTATT,,,,,,,,,
1781,TTTATTA,,,,,,,,,
1782,TTATTAA,,,,,,,,,
1783,TATTAAA,,,,,,,,,
1784,ATTAAAA,,,,,,,,,
1785,TTAAAAA,,,,,,,,,
1786,TAAAAAC,,,,,,,,,
1787,AAAAACA,,,,,,,,,
1788,AAAACAC,,,,,,,,,
1789,AAACACA,,,,,,,,,
1790,AACACAG,,,,,,,,,
1791,ACACAGC,,,,,,,,,
1792,CACAGCA,,,,,,,,,
1793,ACAGCAC,,,,,,,,,
1794,CAGCACT,,,,,,,,,
1795,AGCACTG,,,,,,,,,
1796,GCACTGT,,,,,,,,,
1797,CACTGTG,,,,,,,,,
1798,ACTGTGC,,,,,,,,,
1799,CTGTGCA,,,,,,,,,
1800,TGTGCAA,,,,,,,,,
1801,GTGCAAA,,,,,,,,,
1802,TGCAAAC,,,,,,,,,
1803,GCAAACA,,,,,,,,,
1804,CAAACAC,,,,,,,,,
1805,AAACACG,,,,,,,,,
1806,AACACGA,,,,,,,,,
1807,ACACGAA,,,,,,,,,
1808,CACGAAA,,,,,,,,,
1809,ACGAAAG,,,,,,,,,
1810,CGAAAGT,,,,,,,,,
1811,GAAAGTG,,,,,,,,,
1812,AAAGTGG,,,,,,,,,
1813,AAGTGGA,,,,,,,,,
1814,AGTGGAC,,,,,,,,,
1815,GTGGACG,,,,,,,,,
1816,TGGACGT,,,,,,,,,
1817,GGACGTA,,,,,,,,,
1818,GACGTAT,,,,,,,,,
1819,ACGTATA,,,,,,,,,
1820,CGTATAC,,,,,,,,,
1821,GTATACG,,,,,,,,,
1822,TATACGG,,,,,,,,,
1823,ATACGGT,,,,,,,,,
1824,TACGGTG,,,,,,,,,
1825,ACGGTGT,,,,,,,,,
1826,CGGTGTG,,,,,,,,,
1827,GGTGTGA,,,,,,,,,
1828,GTGTGAC,,,,,,,,,
1829,TGTGACG,,,,,,,,,
1830,GTGACGC,,,,,,,,,
1831,TGACGCC,,,,,,,,,
1832,GACGCCT,,,,,,,,,
1833,ACGCCTG,,,,,,,,,
1834,CGCCTGC,,,,,,,,,
1835,GCCTGCC,,,,,,,,,
1836,CCTGCCC,,,,,,,,,
1837,CTGCCCG,,,,,,,,,
1838,TGCCCGG,,,,,,,,,
1839,GCCCGGT,,,,,,,,,
1840,CCCGGTG,,,,,,,,,
1841,CCGGTGC,,,,,,,,,
1842,CGGTGCC,,,,,,,,,
1843,GGTGCCG,,,,,,,,,
1844,GTGCCGG,,,,,,,,,
1845,TGCCGGA,,,,,,,,,
1846,GCCGGAA,,,,,,,,,
1847,CCGGAAG,,,,,,,,,
1848,CGGAAGG,,,,,,,,,
1849,GGAAGGT,,,,,,,,,
1850,GAAGGTT,,,,,,,,,
1851,AAGGTTA,,,,,,,,,
1852,AGGTTAA,,,,,,,,,
1853,GGTTAAT,,,,,,,,,
1854,GTTAATT,,,,,,,,,
1855,TTAATTG,,,,,,,,,
1856,TAATTGA,,,,,,,,,
1857,AATTGAT,,,,,,,,,
1858,ATTGATG,,,,,,,,,
1859,TTGATGG,,,,,,,,,
1860,TGATGGG,,,,,,,,,
1861,GATGGGG,,,,,,,,,
1862,ATGGGGT,,,,,,,,,
1863,TGGGGTY,,,,,,,,,
1864,GGGGTYA,,,,,,,,,
1865,GGGTYAG,,,,,,,,,
1866,GGTYAGC,,,,,,,,,
1867,GTYAGCS,,,,,,,,,
1868,TYAGCSC,,,,,,,,,
1869,YAGCSCA,,,,,,,,,
1870,AGCSCAA,,,,,,,,,
1871,GCSCAAG,,,,,,,,,
1872,CSCAAGC,,,,,,,,,
1873,SCAAGCG,,,,,,,,,
1874,CAAGCGA,,,,,,,,,
1875,AAGCGAA,,,,,,,,,
1876,AGCGAAG,,,,,,,,,
1877,GCGAAGC,,,,,,,,,
1878,CGAAGCT,,,,,,,,,
1879,GAAGCTC,,,,,,,,,
1880,AAGCTCT,,,,,,,,,
1881,AGCTCTT,,,,,,,,,
1882,GCTCTTG,,,,,,,,,
1883,CTCTTGA,,,,,,,,,
1884,TCTTGAT,,,,,,,,,
1885,CTTGATC,,,,,,,,,
1886,TTGATCG,,,,,,,,,
1887,TGATCGA,,,,,,,,,
1888,GATCGAA,,,,,,,,,
1889,ATCGAAG,,,,,,,,,
1890,TCGAAGC,,,,,,,,,
1891,CGAAGCC,,,,,,,,,
1892,GAAGCCC,,,,,,,,,
1893,AAGCCCC,,,,,,,,,
1894,AGCCCCG,,,,,,,,,
1895,GCCCCGG,,,,,,,,,
1896,CCCCGGT,,,,,,,,,
1897,CCCGGTA,,,,,,,,,
1898,CCGGTAA,,,,,,,,,
1899,CGGTAAA,,,,,,,,,
1900,GGTAAAC,,,,,,,,,
1901,GTAAACG,,,,,,,,,
1902,TAAACGG,,,,,,,,,
1903,AAACGGC,,,,,,,,,
1904,AACGGCG,,,,,,,,,
1905,ACGGCGG,,,,,,,,,
1906,CGGCGGC,,,,,,,,,
1907,GGCGGCC,,,,,,,,,
1908,GCGGCCG,,,,,,,,,
1909,CGGCCGT,,,,,,,,,
1910,GGCCGTA,,,,,,,,,
1911,GCCGTAA,,,,,,,,,
1912,CCGTAAC,,,,,,,,,
1913,CGTAACT,,,,,,,,,
1914,GTAACTA,,,,,,,,,
1915,TAACTAT,,,,,,,,,
1916,AACTATA,,,,,,,,,
1917,ACTATAA,,,,,,,,,
1918,CTATAAC,,,,,,,,,
1919,TATAACG,,,,,,,,,
1920,ATAACGG,,,,,,,,,
1921,TAACGGT,,,,,,,,,
1922,AACGGTC,,,,,,,,,
1923,ACGGTCC,,,,,,,,,
1924,CGGTCCT,,,,,,,,,
1925,GGTCCTA,,,,,,,,,
1926,GTCCTAA,,,,,,,,,
1927,TCCTAAG,,,,,,,,,
1928,CCTAAGG,,,,,,,,,
1929,CTAAGGT,,,,,,,,,
1930,TAAGGTA,,,,,,,,,
1931,AAGGTAG,,,,,,,,,
1932,AGGTAGC,,,,,,,,,
1933,GGTAGCG,,,,,,,,,
1934,GTAGCGA,,,,,,,,,
1935,TAGCGAA,,,,,,,,,
1936,AGCGAAA,,,,,,,,,
1937,GCGAAAT,,,,,,,,,
1938,CGAAATT,,,,,,,,,
1939,GAAATTC,,,,,,,,,
1940,AAATTCC,,,,,,,,,
1941,AATTCCT,,,,,,,,,
1942,ATTCCTT,,,,,,,,,
1943,TTCCTTG,,,,,,,,,
1944,TCCTTGT,,,,,,,,,
1945,CCTTGTC,,,,,,,,,
1946,CTTGTCG,,,,,,,,,
1947,TTGTCGG,,,,,,,,,
1948,TGTCGGG,,,,,,,,,
1949,GTCGGGT,,,,,,,,,
1950,TCGGGTA,,,,,,,,,
1951,CGGGTAA,,,,,,,,,
1952,GGGTAAG,,,,,,,,,
1953,GGTAAGT,,,,,,,,,
1954,GTAAGTT,,,,,,,,,
1955,TAAGTTC,,,,,,,,,
1956,AAGTTCC,,,,,,,,,
1957,AGTTCCG,,,,,,,,,
1958,GTTCCGA,,,,,,,,,
1959,TTCCGAC,,,,,,,,,
1960,TCCGACC,,,,,,,,,
1961,CCGACCT,,,,,,,,,
1962,CGACCTG,,,,,,,,,
1963,GACCTGC,,,,,,,,,
1964,ACCTGCA,,,,,,,,,
1965,CCTGCAC,,,,,,,,,
1966,CTGCACG,,,,,,,,,
1967,TGCACGA,,,,,,,,,
1968,GCACGAA,,,,,,,,,
1969,CACGAAT,,,,,,,,,
1970,ACGAATG,,,,,,,,,
1971,CGAATGG,,,,,,,,,
1972,GAATGGC,,,,,,,,,
1973,AATGGCG,,,,,,,,,
1974,ATGGCGT,,,,,,,,,
1975,TGGCGTA,,,,,,,,,
1976,GGCGTAA,,,,,,,,,
1977,GCGTAAT,,,,,,,,,
1978,CGTAATG,,,,,,,,,
1979,GTAATGA,,,,,,,,,
1980,TAATGAT,,,,,,,,,
1981,AATGATG,,,,,,,,,
1982,ATGATGG,,,,,,,,,
1983,TGATGGC,,,,,,,,,
1984,GATGGCC,,,,,,,,,
1985,ATGGCCA,,,,,,,,,
1986,TGGCCAG,,,,,,,,,
1987,GGCCAGG,,,,,,,,,
1988,GCCAGGC,,,,,,,,,
1989,CCAGGCT,,,,,,,,,
1990,CAGGCTG,,,,,,,,,
1991,AGGCTGT,,,,,,,,,
1992,GGCTGTC,,,,,,,,,
1993,GCTGTCT,,,,,,,,,
1994,CTGTCTC,,,,,,,,,
1995,TGTCTCC,,,,,,,,,
1996,GTCTCCA,,,,,,,,,
1997,TCTCCAC,,,,,,,,,
1998,CTCCACC,,,,,,,,,
1999,TCCACCC,,,,,,,,,
2000,CCACCCG,,,,,,,,,
2001,CACCCGA,,,,,,,,,
2002,ACCCGAG,,,,,,,,,
2003,CCCGAGA,,,,,,,,,
2004,CCGAGAC,,,,,,,,,
2005,CGAGACT,,,,,,,,,
2006,GAGACTC,,,,,,,,,
2007,AGACTCA,,,,,,,,,
2008,GACTCAG,,,,,,,,,
2009,ACTCAGT,,,,,,,,,
2010,CTCAGTG,,,,,,,,,
2011,TCAGTGA,,,,,,,,,
2012,CAGTGAA,,,,,,,,,
2013,AGTGAAA,,,,,,,,,
2014,GTGAAAT,,,,,,,,,
2015,TGAAATT,,,,,,,,,
2016,GAAATTG,,,,,,,,,
2017,AAATTGA,,,,,,,,,
2018,AATTGAA,,,,,,,,,
2019,ATTGAAC,,,,,,,,,
2020,TTGAACT,,,,,,,,,
2021,TGAACTC,,,,,,,,,
2022,GAACTCG,,,,,,,,,
2023,AACTCGC,,,,,,,,,
2024,ACTCGCT,,,,,,,,,
2025,CTCGCTG,,,,,,,,,
2026,TCGCTGT,,,,,,,,,
2027,CGCTGTG,,,,,,,,,
2028,GCTGTGA,,,,,,,,,
2029,CTGTGAA,,,,,,,,,
2030,TGTGAAG,,,,,,,,,
2031,GTGAAGA,,,,,,,,,
2032,TGAAGAT,,,,,,,,,
2033,GAAGATG,,,,,,,,,
2034,AAGATGC,,,,,,,,,
2035,AGATGCA,,,,,,,,,
2036,GATGCAG,,,,,,,,,
2037,ATGCAGT,,,,,,,,,
2038,TGCAGTG,,,,,,,,,
2039,GCAGTGT,,,,,,,,,
2040,CAGTGTA,,,,,,,,,
2041,AGTGTAC,,,,,,,,,
2042,GTGTACC,,,,,,,,,
2043,TGTACCC,,,,,,,,,
2044,GTACCCG,,,,,,,,,
2045,TACCCGC,,,,,,,,,
2046,ACCCGCG,,,,,,,,,
2047,CCCGCGG,,,,,,,,,
2048,CCGCGGC,,,,,,,,,
2049,CGCGGCA,,,,,,,,,
2050,GCGGCAA,,,,,,,,,
2051,CGGCAAG,,,,,,,,,
2052,GGCAAGA,,,,,,,,,
2053,GCAAGAC,,,,,,,,,
2054,CAAGACG,,,,,,,,,
2055,AAGACGG,,,,,,,,,
2056,AGACGGA,,,,,,,,,
2057,GACGGAA,,,,,,,,,
2058,ACGGAAA,,,,,,,,,
2059,CGGAAAG,,,,,,,,,
2060,GGAAAGA,,,,,,,,,
2061,GAAAGAC,,,,,,,,,
2062,AAAGACC,,,,,,,,,
2063,AAGACCC,,,,,,,,,
2064,AGACCCC,,,,,,,,,
2065,GACCCCG,,,,,,,,,
2066,ACCCCGT,,,,,,,,,
2067,CCCCGTG,,,,,,,,,
2068,CCCGTGA,,,,,,,,,
2069,CCGTGAA,,,,,,,,,
2070,CGTGAAC,,,,,,,,,
2071,GTGAACC,,,,,,,,,
2072,TGAACCT,,,,,,,,,
2073,GAACCTT,,,,,,,,,
2074,AACCTTT,,,,,,,,,
2075,ACCTTTA,,,,,,,,,
2076,CCTTTAC,,,,,,,,,
2077,CTTTACT,,,,,,,,,
2078,TTTACTA,,,,,,,,,
2079,TTACTAT,,,,,,,,,
2080,TACTATA,,,,,,,,,
2081,ACTATAG,,,,,,,,,
2082,CTATAGC,,,,,,,,,
2083,TATAGCT,,,,,,,,,
2084,ATAGCTT,,,,,,,,,
2085,TAGCTTG,,,,,,,,,
2086,AGCTTGA,,,,,,,,,
2087,GCTTGAC,,,,,,,,,
2088,CTTGACA,,,,,,,,,
2089,TTGACAC,,,,,,,,,
2090,TGACACT,,,,,,,,,
2091,GACACTG,,,,,,,,,
2092,ACACTGA,,,,,,,,,
2093,CACTGAA,,,,,,,,,
2094,ACTGAAC,,,,,,,,,
2095,CTGAACA,,,,,,,,,
2096,TGAACAT,,,,,,,,,
2097,GAACATT,,,,,,,,,
2098,AACATTG,,,,,,,,,
2099,ACATTGA,,,,,,,,,
2100,CATTGAG,,,,,,,,,
2101,ATTGAGC,,,,,,,,,
2102,TTGAGCC,,,,,,,,,
2103,TGAGCCT,,,,,,,,,
2104,GAGCCTT,,,,,,,,,
2105,AGCCTTG,,,,,,,,,
2106,GCCTTGA,,,,,,,,,
2107,CCTTGAT,,,,,,,,,
2108,CTTGATG,,,,,,,,,
2109,TTGATGT,,,,,,,,,
2110,TGATGTG,,,,,,,,,
2111,GATGTGT,,,,,,,,,
2112,ATGTGTA,,,,,,,,,
2113,TGTGTAG,,,,,,,,,
2114,GTGTAGG,,,,,,,,,
2115,TGTAGGA,,,,,,,,,
2116,GTAGGAT,,,,,,,,,
2117,TAGGATA,,,,,,,,,
2118,AGGATAG,,,,,,,,,
2119,GGATAGG,,,,,,,,,
2120,GATAGGT,,,,,,,,,
2121,ATAGGTG,,,,,,,,,
2122,TAGGTGG,,,,,,,,,
2123,AGGTGGG,,,,,,,,,
2124,GGTGGGA,,,,,,,,,
2125,GTGGGAG,,,,,,,,,
2126,TGGGAGG,,,,,,,,,
2127,GGGAGGC,,,,,,,,,
2128,GGAGGCT,,,,,,,,,
2129,GAGGCTT,,,,,,,,,
2130,AGGCTTW,,,,,,,,,
2131,GGCTTWG,,,,,,,,,
2132,GCTTWGA,,,,,,,,,
2133,CTTWGAA,,,,,,,,,
2134,TTWGAAG,,,,,,,,,
2135,TWGAAGT,,,,,,,,,
2136,WGAAGTG,,,,,,,,,
2137,GAAGTGT,,,,,,,,,
2138,AAGTGTG,,,,,,,,,
2139,AGTGTGG,,,,,,,,,
2140,GTGTGGA,,,,,,,,,
2141,TGTGGAC,,,,,,,,,
2142,GTGGACG,,,,,,,,,
2143,TGGACGC,,,,,,,,,
2144,GGACGCC,,,,,,,,,
2145,GACGCCA,,,,,,,,,
2146,ACGCCAG,,,,,,,,,
2147,CGCCAGT,,,,,,,,,
2148,GCCAGTC,,,,,,,,,
2149,CCAGTCT,,,,,,,,,
2150,CAGTCTG,,,,,,,,,
2151,AGTCTGC,,,,,,,,,
2152,GTCTGCA,,,,,,,,,
2153,TCTGCAT,,,,,,,,,
2154,CTGCATG,,,,,,,,,
2155,TGCATGG,,,,,,,,,
2156,GCATGGA,,,,,,,,,
2157,CATGGAG,,,,,,,,,
2158,ATGGAGC,,,,,,,,,
2159,TGGAGCC,,,,,,,,,
2160,GGAGCCG,,,,,,,,,
2161,GAGCCGA,,,,,,,,,
2162,AGCCGAC,,,,,,,,,
2163,GCCGACC,,,,,,,,,
2164,CCGACCT,,,,,,,,,
2165,CGACCTT,,,,,,,,,
2166,GACCTTG,,,,,,,,,
2167,ACCTTGA,,,,,,,,,
2168,CCTTGAA,,,,,,,,,
2169,CTTGAAA,,,,,,,,,
2170,TTGAAAT,,,,,,,,,
2171,TGAAATA,,,,,,,,,
2172,GAAATAC,,,,,,,,,
2173,AAATACC,,,,,,,,,
2174,AATACCA,,,,,,,,,
2175,ATACCAC,,,,,,,,,
2176,TACCACC,,,,,,,,,
2177,ACCACCC,,,,,,,,,
2178,CCACCCT,,,,,,,,,
2179,CACCCTT,,,,,,,,,
2180,ACCCTTT,,,,,,,,,
2181,CCCTTTA,,,,,,,,,
2182,CCTTTAA,,,,,,,,,
2183,CTTTAAT,,,,,,,,,
2184,TTTAATG,,,,,,,,,
2185,TTAATGT,,,,,,,,,
2186,TAATGTT,,,,,,,,,
2187,AATGTTT,,,,,,,,,
2188,ATGTTTG,,,,,,,,,
2189,TGTTTGA,,,,,,,,,
2190,GTTTGAT,,,,,,,,,
2191,TTTGATG,,,,,,,,,
2192,TTGATGT,,,,,,,,,
2193,TGATGTT,,,,,,,,,
2194,GATGTTC,,,,,,,,,
2195,ATGTTCT,,,,,,,,,
2196,TGTTCTA,,,,,,,,,
2197,GTTCTAA,,,,,,,,,
2198,TTCTAAC,,,,,,,,,
2199,TCTAACG,,,,,,,,,
2200,CTAACGT,,,,,,,,,
2201,TAACGTK,,,,,,,,,
2202,AACGTKG,,,,,,,,,
2203,ACGTKGA,,,,,,,,,
2204,CGTKGAC,,,,,,,,,
2205,GTKGACC,,,,,,,,,
2206,TKGACCC,,,,,,,,,
2207,KGACCCG,,,,,,,,,
2208,GACCCGT,,,,,,,,,
2209,ACCCGTR,,,,,,,,,
2210,CCCGTRA,,,,,,,,,
2211,CCGTRAT,,,,,,,,,
2212,CGTRATC,,,,,,,,,
2213,GTRATCC,,,,,,,,,
2214,TRATCCG,,,,,,,,,
2215,RATCCGG,,,,,,,,,
2216,ATCCGGG,,,,,,,,,
2217,TCCGGGT,,,,,,,,,
2218,CCGGGTT,,,,,,,,,
2219,CGGGTTG,,,,,,,,,
2220,GGGTTGC,,,,,,,,,
2221,GGTTGCG,,,,,,,,,
2222,GTTGCGG,,,,,,,,,
2223,TTGCGGA,,,,,,,,,
2224,TGCGGAC,,,,,,,,,
2225,GCGGACA,,,,,,,,,
2226,CGGACAG,,,,,,,,,
2227,GGACAGT,,,,,,,,,
2228,GACAGTG,,,,,,,,,
2229,ACAGTGT,,,,,,,,,
2230,CAGTGTC,,,,,,,,,
2231,AGTGTCT,,,,,,,,,
2232,GTGTCTG,,,,,,,,,
2233,TGTCTGG,,,,,,,,,
2234,GTCTGGT,,,,,,,,,
2235,TCTGGTG,,,,,,,,,
2236,CTGGTGG,,,,,,,,,
2237,TGGTGGG,,,,,,,,,
2238,GGTGGGT,,,,,,,,,
2239,GTGGGTA,,,,,,,,,
2240,TGGGTAG,,,,,,,,,
2241,GGGTAGT,,,,,,,,,
2242,GGTAGTT,,,,,,,,,
2243,GTAGTTT,,,,,,,,,
2244,TAGTTTG,,,,,,,,,
2245,AGTTTGA,,,,,,,,,
2246,GTTTGAC,,,,,,,,,
2247,TTTGACT,,,,,,,,,
2248,TTGACTG,,,,,,,,,
2249,TGACTGG,,,,,,,,,
2250,GACTGGG,,,,,,,,,
2251,ACTGGGG,,,,,,,,,
2252,CTGGGGC,,,,,,,,,
2253,TGGGGCG,,,,,,,,,
2254,GGGGCGG,,,,,,,,,
2255,GGGCGGT,,,,,,,,,
2256,GGCGGTC,,,,,,,,,
2257,GCGGTCT,,,,,,,,,
2258,CGGTCTC,,,,,,,,,
2259,GGTCTCC,,,,,,,,,
2260,GTCTCCT,,,,,,,,,
2261,TCTCCTC,,,,,,,,,
2262,CTCCTCC,,,,,,,,,
2263,TCCTCCT,,,,,,,,,
2264,CCTCCTA,,,,,,,,,
2265,CTCCTAA,,,,,,,,,
2266,TCCTAAA,,,,,,,,,
2267,CCTAAAG,,,,,,,,,
2268,CTAAAGA,,,,,,,,,
2269,TAAAGAG,,,,,,,,,
2270,AAAGAGT,,,,,,,,,
2271,AAGAGTA,,,,,,,,,
2272,AGAGTAA,,,,,,,,,
2273,GAGTAAC,,,,,,,,,
2274,AGTAACG,,,,,,,,,
2275,GTAACGG,,,,,,,,,
2276,TAACGGA,,,,,,,,,
2277,AACGGAG,,,,,,,,,
2278,ACGGAGG,,,,,,,,,
2279,CGGAGGA,,,,,,,,,
2280,GGAGGAG,,,,,,,,,
2281,GAGGAGC,,,,,,,,,
2282,AGGAGCA,,,,,,,,,
2283,GGAGCAC,,,,,,,,,
2284,GAGCACG,,,,,,,,,
2285,AGCACGA,,,,,,,,,
2286,GCACGAA,,,,,,,,,
2287,CACGAAG,,,,,,,,,
2288,ACGAAGG,,,,,,,,,
2289,CGAAGGT,,,,,,,,,
2290,GAAGGTT,,,,,,,,,
2291,AAGGTTG,,,,,,,,,
2292,AGGTTGG,,,,,,,,,
2293,GGTTGGC,,,,,,,,,
2294,GTTGGCT,,,,,,,,,
2295,TTGGCTA,,,,,,,,,
2296,TGGCTAA,,,,,,,,,
2297,GGCTAAT,,,,,,,,,
2298,GCTAATC,,,,,,,,,
2299,CTAATCC,,,,,,,,,
2300,TAATCCT,,,,,,,,,
2301,AATCCTG,,,,,,,,,
2302,ATCCTGG,,,,,,,,,
2303,TCCTGGT,,,,,,,,,
2304,CCTGGTC,,,,,,,,,
2305,CTGGTCG,,,,,,,,,
2306,TGGTCGG,,,,,,,,,
2307,GGTCGGA,,,,,,,,,
2308,GTCGGAC,,,,,,,,,
2309,TCGGACA,,,,,,,,,
2310,CGGACAT,,,,,,,,,
2311,GGACATC,,,,,,,,,
2312,GACATCA,,,,,,,,,
2313,ACATCAG,,,,,,,,,
2314,CATCAGG,,,,,,,,,
2315,ATCAGGA,,,,,,,,,
2316,TCAGGAG,,,,,,,,,
2317,CAGGAGG,,,,,,,,,
2318,AGGAGGT,,,,,,,,,
2319,GGAGGTT,,,,,,,,,
2320,GAGGTTA,,,,,,,,,
2321,AGGTTAG,,,,,,,,,
2322,GGTTAGT,,,,,,,,,
2323,GTTAGTG,,,,,,,,,
2324,TTAGTGC,,,,,,,,,
2325,TAGTGCA,,,,,,,,,
2326,AGTGCAA,,,,,,,,,
2327,GTGCAAT,,,,,,,,,
2328,TGCAATG,,,,,,,,,
2329,GCAATGG,,,,,,,,,
2330,CAATGGC,,,,,,,,,
2331,AATGGCA,,,,,,,,,
2332,ATGGCAT,,,,,,,,,
2333,TGGCATA,,,,,,,,,
2334,GGCATAA,,,,,,,,,
2335,GCATAAG,,,,,,,,,
2336,CATAAGC,,,,,,,,,
2337,ATAAGCC,,,,,,,,,
2338,TAAGCCA,,,,,,,,,
2339,AAGCCAG,,,,,,,,,
2340,AGCCAGC,,,,,,,,,
2341,GCCAGCT,,,,,,,,,
2342,CCAGCTT,,,,,,,,,
2343,CAGCTTG,,,,,,,,,
2344,AGCTTGA,,,,,,,,,
2345,GCTTGAC,,,,,,,,,
2346,CTTGACT,,,,,,,,,
2347,TTGACTG,,,,,,,,,
2348,TGACTGC,,,,,,,,,
2349,GACTGCG,,,,,,,,,
2350,ACTGCGA,,,,,,,,,
2351,CTGCGAG,,,,,,,,,
2352,TGCGAGC,,,,,,,,,
2353,GCGAGCG,,,,,,,,,
2354,CGAGCGT,,,,,,,,,
2355,GAGCGTG,,,,,,,,,
2356,AGCGTGA,,,,,,,,,
2357,GCGTGAC,,,,,,,,,
2358,CGTGACG,,,,,,,,,
2359,GTGACGG,,,,,,,,,
2360,TGACGGC,,,,,,,,,
2361,GACGGCG,,,,,,,,,
2362,ACGGCGC,,,,,,,,,
2363,CGGCGCG,,,,,,,,,
2364,GGCGCGA,,,,,,,,,
2365,GCGCGAG,,,,,,,,,
2366,CGCGAGC,,,,,,,,,
2367,GCGAGCA,,,,,,,,,
2368,CGAGCAG,,,,,,,,,
2369,GAGCAGG,,,,,,,,,
2370,AGCAGGT,,,,,,,,,
2371,GCAGGTG,,,,,,,,,
2372,CAGGTGC,,,,,,,,,
2373,AGGTGCG,,,,,,,,,
2374,GGTGCGA,,,,,,,,,
2375,GTGCGAA,,,,,,,,,
2376,TGCGAAA,,,,,,,,,
2377,GCGAAAG,,,,,,,,,
2378,CGAAAGC,,,,,,,,,
2379,GAAAGCA,,,,,,,,,
2380,AAAGCAG,,,,,,,,,
2381,AAGCAGG,,,,,,,,,
2382,AGCAGGT,,,,,,,,,
2383,GCAGGTC,,,,,,,,,
2384,CAGGTCA,,,,,,,,,
2385,AGGTCAT,,,,,,,,,
2386,GGTCATA,,,,,,,,,
2387,GTCATAG,,,,,,,,,
2388,TCATAGT,,,,,,,,,
2389,CATAGTG,,,,,,,,,
2390,ATAGTGA,,,,,,,,,
2391,TAGTGAT,,,,,,,,,
2392,AGTGATC,,,,,,,,,
2393,GTGATCC,,,,,,,,,
2394,TGATCCG,,,,,,,,,
2395,GATCCGG,,,,,,,,,
2396,ATCCGGT,,,,,,,,,
2397,TCCGGTG,,,,,,,,,
2398,CCGGTGG,,,,,,,,,
2399,CGGTGGT,,,,,,,,,
2400,GGTGGTT,,,,,,,,,
2401,GTGGTTC,,,,,,,,,
2402,TGGTTCT,,,,,,,,,
2403,GGTTCTG,,,,,,,,,
2404,GTTCTGA,,,,,,,,,
2405,TTCTGAA,,,,,,,,,
2406,TCTGAAT,,,,,,,,,
2407,CTGAATG,,,,,,,,,
2408,TGAATGG,,,,,,,,,
2409,GAATGGA,,,,,,,,,
2410,AATGGAA,,,,,,,,,
2411,ATGGAAG,,,,,,,,,
2412,TGGAAGG,,,,,,,,,
2413,GGAAGGG,,,,,,,,,
2414,GAAGGGC,,,,,,,,,
2415,AAGGGCC,,,,,,,,,
2416,AGGGCCA,,,,,,,,,
2417,GGGCCAT,,,,,,,,,
2418,GGCCATC,,,,,,,,,
2419,GCCATCG,,,,,,,,,
2420,CCATCGC,,,,,,,,,
2421,CATCGCT,,,,,,,,,
2422,ATCGCTC,,,,,,,,,
2423,TCGCTCA,,,,,,,,,
2424,CGCTCAA,,,,,,,,,
2425,GCTCAAC,,,,,,,,,
2426,CTCAACG,,,,,,,,,
2427,TCAACGG,,,,,,,,,
2428,CAACGGA,,,,,,,,,
2429,AACGGAT,,,,,,,,,
2430,ACGGATA,,,,,,,,,
2431,CGGATAA,,,,,,,,,
2432,GGATAAA,,,,,,,,,
2433,GATAAAA,,,,,,,,,
2434,ATAAAAG,,,,,,,,,
2435,TAAAAGG,,,,,,,,,
2436,AAAAGGT,,,,,,,,,
2437,AAAGGTA,,,,,,,,,
2438,AAGGTAC,,,,,,,,,
2439,AGGTACT,,,,,,,,,
2440,GGTACTC,,,,,,,,,
2441,GTACTCC,,,,,,,,,
2442,TACTCCG,,,,,,,,,
2443,ACTCCGG,,,,,,,,,
2444,CTCCGGG,,,,,,,,,
2445,TCCGGGG,,,,,,,,,
2446,CCGGGGA,,,,,,,,,
2447,CGGGGAT,,,,,,,,,
2448,GGGGATA,,,,,,,,,
2449,GGGATAA,,,,,,,,,
2450,GGATAAC,,,,,,,,,
2451,GATAACA,,,,,,,,,
2452,ATAACAG,,,,,,,,,
2453,TAACAGG,,,,,,,,,
2454,AACAGGC,,,,,,,,,
2455,ACAGGCT,,,,,,,,,
2456,CAGGCTG,,,,,,,,,
2457,AGGCTGA,,,,,,,,,
2458,GGCTGAT,,,,,,,,,
2459,GCTGATA,,,,,,,,,
2460,CTGATAC,,,,,,,,,
2461,TGATACC,,,,,,,,,
2462,GATACCG,,,,,,,,,
2463,ATACCGC,,,,,,,,,
2464,TACCGCC,,,,,,,,,
2465,ACCGCCC,,,,,,,,,
2466,CCGCCCA,,,,,,,,,
2467,CGCCCAA,,,,,,,,,
2468,GCCCAAG,,,,,,,,,
2469,CCCAAGA,,,,,,,,,
2470,CCAAGAG,,,,,,,,,
2471,CAAGAGT,,,,,,,,,
2472,AAGAGTT,,,,,,,,,
2473,AGAGTTC,,,,,,,,,
2474,GAGTTCA,,,,,,,,,
2475,AGTTCAT,,,,,,,,,
2476,GTTCATA,,,,,,,,,
2477,TTCATAT,,,,,,,,,
2478,TCATATC,,,,,,,,,
2479,CATATCG,,,,,,,,,
2480,ATATCGA,,,,,,,,,
2481,TATCGAC,,,,,,,,,
2482,ATCGACG,,,,,,,,,
2483,TCGACGG,,,,,,,,,
2484,CGACGGC,,,,,,,,,
2485,GACGGCG,,,,,,,,,
2486,ACGGCGG,,,,,,,,,
2487,CGGCGGT,,,,,,,,,
2488,GGCGGTG,,,,,,,,,
2489,GCGGTGT,,,,,,,,,
2490,CGGTGTT,,,,,,,,,
2491,GGTGTTT,,,,,,,,,
2492,GTGTTTG,,,,,,,,,
2493,TGTTTGG,,,,,,,,,
2494,GTTTGGC,,,,,,,,,
2495,TTTGGCA,,,,,,,,,
2496,TTGGCAC,,,,,,,,,
2497,TGGCACC,,,,,,,,,
2498,GGCACCT,,,,,,,,,
2499,GCACCTC,,,,,,,,,
2500,CACCTCG,,,,,,,,,
2501,ACCTCGA,,,,,,,,,
2502,CCTCGAT,,,,,,,,,
2503,CTCGATG,,,,,,,,,
2504,TCGATGT,,,,,,,,,
2505,CGATGTC,,,,,,,,,
2506,GATGTCG,,,,,,,,,
2507,ATGTCGG,,,,,,,,,
2508,TGTCGGC,,,,,,,,,
2509,GTCGGCT,,,,,,,,,
2510,TCGGCTC,,,,,,,,,
2511,CGGCTCA,,,,,,,,,
2512,GGCTCAT,,,,,,,,,
2513,GCTCATC,,,,,,,,,
2514,CTCATCA,,,,,,,,,
2515,TCATCAC,,,,,,,,,
2516,CATCACA,,,,,,,,,
2517,ATCACAT,,,,,,,,,
2518,TCACATC,,,,,,,,,
2519,CACATCC,,,,,,,,,
2520,ACATCCT,,,,,,,,,
2521,CATCCTG,,,,,,,,,
2522,ATCCTGG,,,,,,,,,
2523,TCCTGGR,,,,,,,,,
2524,CCTGGRG,,,,,,,,,
2525,CTGGRGC,,,,,,,,,
2526,TGGRGCT,,,,,,,,,
2527,GGRGCTG,,,,,,,,,
2528,GRGCTGA,,,,,,,,,
2529,RGCTGAA,,,,,,,,,
2530,GCTGAAG,,,,,,,,,
2531,CTGAAGT,,,,,,,,,
2532,TGAAGTA,,,,,,,,,
2533,GAAGTAG,,,,,,,,,
2534,AAGTAGG,,,,,,,,,
2535,AGTAGGT,,,,,,,,,
2536,GTAGGTC,,,,,,,,,
2537,TAGGTCC,,,,,,,,,
2538,AGGTCCC,,,,,,,,,
2539,GGTCCCA,,,,,,,,,
2540,GTCCCAA,,,,,,,,,
2541,TCCCAAG,,,,,,,,,
2542,CCCAAGG,,,,,,,,,
2543,CCAAGGG,,,,,,,,,
2544,CAAGGGT,,,,,,,,,
2545,AAGGGTR,,,,,,,,,
2546,AGGGTRW,,,,,,,,,
2547,GGGTRWK,,,,,,,,,
2548,GGTRWKG,,,,,,,,,
2549,GTRWKGC,,,,,,,,,
2550,TRWKGCT,,,,,,,,,
2551,RWKGCTG,,,,,,,,,
2552,WKGCTGT,,,,,,,,,
2553,KGCTGTT,,,,,,,,,
2554,GCTGTTC,,,,,,,,,
2555,CTGTTCG,,,,,,,,,
2556,TGTTCGC,,,,,,,,,
2557,GTTCGCC,,,,,,,,,
2558,TTCGCCA,,,,,,,,,
2559,TCGCCAT,,,,,,,,,
2560,CGCCATT,,,,,,,,,
2561,GCCATTT,,,,,,,,,
2562,CCATTTA,,,,,,,,,
2563,CATTTAA,,,,,,,,,
2564,ATTTAAA,,,,,,,,,
2565,TTTAAAG,,,,,,,,,
2566,TTAAAGT,,,,,,,,,
2567,TAAAGTG,,,,,,,,,
2568,AAAGTGG,,,,,,,,,
2569,AAGTGGT,,,,,,,,,
2570,AGTGGTA,,,,,,,,,
2571,GTGGTAC,,,,,,,,,
2572,TGGTACG,,,,,,,,,
2573,GGTACGC,,,,,,,,,
2574,GTACGCG,,,,,,,,,
2575,TACGCGA,,,,,,,,,
2576,ACGCGAG,,,,,,,,,
2577,CGCGAGC,,,,,,,,,
2578,GCGAGCT,,,,,,,,,
2579,CGAGCTG,,,,,,,,,
2580,GAGCTGG,,,,,,,,,
2581,AGCTGGG,,,,,,,,,
2582,GCTGGGT,,,,,,,,,
2583,CTGGGTT,,,,,,,,,
2584,TGGGTTT,,,,,,,,,
2585,GGGTTTA,,,,,,,,,
2586,GGTTTAG,,,,,,,,,
2587,GTTTAGA,,,,,,,,,
2588,TTTAGAA,,,,,,,,,
2589,TTAGAAC,,,,,,,,,
2590,TAGAACG,,,,,,,,,
2591,AGAACGT,,,,,,,,,
2592,GAACGTC,,,,,,,,,
2593,AACGTCG,,,,,,,,,
2594,ACGTCGT,,,,,,,,,
2595,CGTCGTG,,,,,,,,,
2596,GTCGTGA,,,,,,,,,
2597,TCGTGAG,,,,,,,,,
2598,CGTGAGA,,,,,,,,,
2599,GTGAGAC,,,,,,,,,
2600,TGAGACA,,,,,,,,,
2601,GAGACAG,,,,,,,,,
2602,AGACAGT,,,,,,,,,
2603,GACAGTT,,,,,,,,,
2604,ACAGTTC,,,,,,,,,
2605,CAGTTCG,,,,,,,,,
2606,AGTTCGG,,,,,,,,,
2607,GTTCGGT,,,,,,,,,
2608,TTCGGTC,,,,,,,,,
2609,TCGGTCC,,,,,,,,,
2610,CGGTCCC,,,,,,,,,
2611,GGTCCCT,,,,,,,,,
2612,GTCCCTA,,,,,,,,,
2613,TCCCTAT,,,,,,,,,
2614,CCCTATC,,,,,,,,,
2615,CCTATCT,,,,,,,,,
2616,CTATCTG,,,,,,,,,
2617,TATCTGC,,,,,,,,,
2618,ATCTGCC,,,,,,,,,
2619,TCTGCCG,,,,,,,,,
2620,CTGCCGT,,,,,,,,,
2621,TGCCGTG,,,,,,,,,
2622,GCCGTGG,,,,,,,,,
2623,CCGTGGG,,,,,,,,,
2624,CGTGGGC,,,,,,,,,
2625,GTGGGCG,,,,,,,,,
2626,TGGGCGC,,,,,,,,,
2627,GGGCGCT,,,,,,,,,
2628,GGCGCTG,,,,,,,,,
2629,GCGCTGG,,,,,,,,,
2630,CGCTGGA,,,,,,,,,
2631,GCTGGAG,,,,,,,,,
2632,CTGGAGA,,,,,,,,,
2633,TGGAGAA,,,,,,,,,
2634,GGAGAAC,,,,,,,,,
2635,GAGAACT,,,,,,,,,
2636,AGAACTG,,,,,,,,,
2637,GAACTGA,,,,,,,,,
2638,AACTGAG,,,,,,,,,
2639,ACTGAGG,,,,,,,,,
2640,CTGAGGG,,,,,,,,,
2641,TGAGGGG,,,,,,,,,
2642,GAGGGGG,,,,,,,,,
2643,AGGGGGG,,,,,,,,,
2644,GGGGGGC,,,,,,,,,
2645,GGGGGCT,,,,,,,,,
2646,GGGGCTG,,,,,,,,,
2647,GGGCTGC,,,,,,,,,
2648,GGCTGCT,,,,,,,,,
2649,GCTGCTC,,,,,,,,,
2650,CTGCTCC,,,,,,,,,
2651,TGCTCCT,,,,,,,,,
2652,GCTCCTA,,,,,,,,,
2653,CTCCTAG,,,,,,,,,
2654,TCCTAGT,,,,,,,,,
2655,CCTAGTA,,,,,,,,,
2656,CTAGTAC,,,,,,,,,
2657,TAGTACG,,,,,,,,,
2658,AGTACGA,,,,,,,,,
2659,GTACGAG,,,,,,,,,
2660,TACGAGA,,,,,,,,,
2661,ACGAGAG,,,,,,,,,
2662,CGAGAGG,,,,,,,,,
2663,GAGAGGA,,,,,,,,,
2664,AGAGGAC,,,,,,,,,
2665,GAGGACC,,,,,,,,,
2666,AGGACCG,,,,,,,,,
2667,GGACCGG,,,,,,,,,
2668,GACCGGA,,,,,,,,,
2669,ACCGGAG,,,,,,,,,
2670,CCGGAGT,,,,,,,,,
2671,CGGAGTG,,,,,,,,,
2672,GGAGTGG,,,,,,,,,
2673,GAGTGGA,,,,,,,,,
2674,AGTGGAC,,,,,,,,,
2675,GTGGACG,,,,,,,,,
2676,TGGACGC,,,,,,,,,
2677,GGACGCA,,,,,,,,,
2678,GACGCAT,,,,,,,,,
2679,ACGCATC,,,,,,,,,
2680,CGCATCA,,,,,,,,,
2681,GCATCAC,,,,,,,,,
2682,CATCACT,,,,,,,,,
2683,ATCACTG,,,,,,,,,
2684,TCACTGG,,,,,,,,,
2685,CACTGGT,,,,,,,,,
2686,ACTGGTG,,,,,,,,,
2687,CTGGTGT,,,,,,,,,
2688,TGGTGTT,,,,,,,,,
2689,GGTGTTC,,,,,,,,,
2690,GTGTTCG,,,,,,,,,
2691,TGTTCGG,,,,,,,,,
2692,GTTCGGG,,,,,,,,,
2693,TTCGGGT,,,,,,,,,
2694,TCGGGTT,,,,,,,,,
2695,CGGGTTG,,,,,,,,,
2696,GGGTTGT,,,,,,,,,
2697,GGTTGTC,,,,,,,,,
2698,GTTGTCA,,,,,,,,,
2699,TTGTCAT,,,,,,,,,
2700,TGTCATG,,,,,,,,,
2701,GTCATGC,,,,,,,,,
2702,TCATGCC,,,,,,,,,
2703,CATGCCA,,,,,,,,,
2704,ATGCCAA,,,,,,,,,
2705,TGCCAAT,,,,,,,,,
2706,GCCAATG,,,,,,,,,
2707,CCAATGG,,,,,,,,,
2708,CAATGGC,,,,,,,,,
2709,AATGGCA,,,,,,,,,
2710,ATGGCAC,,,,,,,,,
2711,TGGCACT,,,,,,,,,
2712,GGCACTG,,,,,,,,,
2713,GCACTGC,,,,,,,,,
2714,CACTGCC,,,,,,,,,
2715,ACTGCCC,,,,,,,,,
2716,CTGCCCG,,,,,,,,,
2717,TGCCCGG,,,,,,,,,
2718,GCCCGGT,,,,,,,,,
2719,CCCGGTA,,,,,,,,,
2720,CCGGTAG,,,,,,,,,
2721,CGGTAGC,,,,,,,,,
2722,GGTAGCT,,,,,,,,,
2723,GTAGCTA,,,,,,,,,
2724,TAGCTAA,,,,,,,,,
2725,AGCTAAA,,,,,,,,,
2726,GCTAAAT,,,,,,,,,
2727,CTAAATG,,,,,,,,,
2728,TAAATGC,,,,,,,,,
2729,AAATGCG,,,,,,,,,
2730,AATGCGG,,,,,,,,,
2731,ATGCGGA,,,,,,,,,
2732,TGCGGAA,,,,,,,,,
2733,GCGGAAG,,,,,,,,,
2734,CGGAAGA,,,,,,,,,
2735,GGAAGAG,,,,,,,,,
2736,GAAGAGA,,,,,,,,,
2737,AAGAGAT,,,,,,,,,
2738,AGAGATA,,,,,,,,,
2739,GAGATAA,,,,,,,,,
2740,AGATAAG,,,,,,,,,
2741,GATAAGT,,,,,,,,,
2742,ATAAGTG,,,,,,,,,
2743,TAAGTGC,,,,,,,,,
2744,AAGTGCT,,,,,,,,,
2745,AGTGCTG,,,,,,,,,
2746,GTGCTGA,,,,,,,,,
2747,TGCTGAA,,,,,,,,,
2748,GCTGAAA,,,,,,,,,
2749,CTGAAAG,,,,,,,,,
2750,TGAAAGC,,,,,,,,,
2751,GAAAGCA,,,,,,,,,
2752,AAAGCAT,,,,,,,,,
2753,AAGCATC,,,,,,,,,
2754,AGCATCT,,,,,,,,,
2755,GCATCTA,,,,,,,,,
2756,CATCTAA,,,,,,,,,
2757,ATCTAAG,,,,,,,,,
2758,TCTAAGC,,,,,,,,,
2759,CTAAGCA,,,,,,,,,
2760,TAAGCAC,,,,,,,,,
2761,AAGCACG,,,,,,,,,
2762,AGCACGA,,,,,,,,,
2763,GCACGAA,,,,,,,,,
2764,CACGAAA,,,,,,,,,
2765,ACGAAAC,,,,,,,,,
2766,CGAAACT,,,,,,,,,
2767,GAAACTT,,,,,,,,,
2768,AAACTTG,,,,,,,,,
2769,AACTTGC,,,,,,,,,
2770,ACTTGCC,,,,,,,,,
2771,CTTGCCC,,,,,,,,,
2772,TTGCCCC,,,,,,,,,
2773,TGCCCCG,,,,,,,,,
2774,GCCCCGA,,,,,,,,,
2775,CCCCGAG,,,,,,,,,
2776,CCCGAGA,,,,,,,,,
2777,CCGAGAT,,,,,,,,,
2778,CGAGATG,,,,,,,,,
2779,GAGATGA,,,,,,,,,
2780,AGATGAG,,,,,,,,,
2781,GATGAGT,,,,,,,,,
2782,ATGAGTT,,,,,,,,,
2783,TGAGTTC,,,,,,,,,
2784,GAGTTCT,,,,,,,,,
2785,AGTTCTC,,,,,,,,,
2786,GTTCTCC,,,,,,,,,
2787,TTCTCCC,,,,,,,,,
2788,TCTCCCT,,,,,,,,,
2789,CTCCCTG,,,,,,,,,
2790,TCCCTGA,,,,,,,,,
2791,CCCTGAC,,,,,,,,,
2792,CCTGACY,,,,,,,,,
2793,CTGACYC,,,,,,,,,
2794,TGACYCY,,,,,,,,,
2795,GACYCYT,,,,,,,,,
2796,ACYCYTT,,,,,,,,,
2797,CYCYTTR,,,,,,,,,
2798,YCYTTRA,,,,,,,,,
2799,CYTTRAG,,,,,,,,,
2800,YTTRAGR,,,,,,,,,
2801,TTRAGRG,,,,,,,,,
2802,TRAGRGT,,,,,,,,,
2803,RAGRGTC,,,,,,,,,
2804,AGRGTCC,,,,,,,,,
2805,GRGTCCT,,,,,,,,,
2806,RGTCCTG,,,,,,,,,
2807,GTCCTGA,,,,,,,,,
2808,TCCTGAA,,,,,,,,,
2809,CCTGAAG,,,,,,,,,
2810,CTGAAGG,,,,,,,,,
2811,TGAAGGA,,,,,,,,,
2812,GAAGGAA,,,,,,,,,
2813,AAGGAAC,,,,,,,,,
2814,AGGAACG,,,,,,,,,
2815,GGAACGT,,,,,,,,,
2816,GAACGTT,,,,,,,,,
2817,AACGTTG,,,,,,,,,
2818,ACGTTGA,,,,,,,,,
2819,CGTTGAA,,,,,,,,,
2820,GTTGAAG,,,,,,,,,
2821,TTGAAGA,,,,,,,,,
2822,TGAAGAC,,,,,,,,,
2823,GAAGACG,,,,,,,,,
2824,AAGACGA,,,,,,,,,
2825,AGACGAC,,,,,,,,,
2826,GACGACG,,,,,,,,,
2827,ACGACGA,,,,,,,,,
2828,CGACGAC,,,,,,,,,
2829,GACGACG,,,,,,,,,
2830,ACGACGT,,,,,,,,,
2831,CGACGTT,,,,,,,,,
2832,GACGTTG,,,,,,,,,
2833,ACGTTGA,,,,,,,,,
2834,CGTTGAT,,,,,,,,,
2835,GTTGATA,,,,,,,,,
2836,TTGATAG,,,,,,,,,
2837,TGATAGG,,,,,,,,,
2838,GATAGGC,,,,,,,,,
2839,ATAGGCC,,,,,,,,,
2840,TAGGCCG,,,,,,,,,
2841,AGGCCGG,,,,,,,,,
2842,GGCCGGG,,,,,,,,,
2843,GCCGGGT,,,,,,,,,
2844,CCGGGTG,,,,,,,,,
2845,CGGGTGT,,,,,,,,,
2846,GGGTGTG,,,,,,,,,
2847,GGTGTGT,,,,,,,,,
2848,GTGTGTA,,,,,,,,,
2849,TGTGTAA,,,,,,,,,
2850,GTGTAAG,,,,,,,,,
2851,TGTAAGC,,,,,,,,,
2852,GTAAGCG,,,,,,,,,
2853,TAAGCGC,,,,,,,,,
2854,AAGCGCA,,,,,,,,,
2855,AGCGCAG,,,,,,,,,
2856,GCGCAGC,,,,,,,,,
2857,CGCAGCG,,,,,,,,,
2858,GCAGCGA,,,,,,,,,
2859,CAGCGAT,,,,,,,,,
2860,AGCGATG,,,,,,,,,
2861,GCGATGC,,,,,,,,,
2862,CGATGCG,,,,,,,,,
2863,GATGCGT,,,,,,,,,
2864,ATGCGTT,,,,,,,,,
2865,TGCGTTG,,,,,,,,,
2866,GCGTTGA,,,,,,,,,
2867,CGTTGAG,,,,,,,,,
2868,GTTGAGC,,,,,,,,,
2869,TTGAGCT,,,,,,,,,
2870,TGAGCTA,,,,,,,,,
2871,GAGCTAA,,,,,,,,,
2872,AGCTAAC,,,,,,,,,
2873,GCTAACC,,,,,,,,,
2874,CTAACCG,,,,,,,,,
2875,TAACCGG,,,,,,,,,
2876,AACCGGT,,,,,,,,,
2877,ACCGGTA,,,,,,,,,
2878,CCGGTAC,,,,,,,,,
2879,CGGTACT,,,,,,,,,
2880,GGTACTA,,,,,,,,,
2881,GTACTAA,,,,,,,,,
2882,TACTAAT,,,,,,,,,
2883,ACTAATG,,,,,,,,,
2884,CTAATGA,,,,,,,,,
2885,TAATGAA,,,,,,,,,
2886,AATGAAC,,,,,,,,,
2887,ATGAACC,,,,,,,,,
2888,TGAACCG,,,,,,,,,
2889,GAACCGT,,,,,,,,,
2890,AACCGTG,,,,,,,,,
2891,ACCGTGA,,,,,,,,,
2892,CCGTGAG,,,,,,,,,
2893,CGTGAGG,,,,,,,,,
2894,GTGAGGC,,,,,,,,,
2895,TGAGGCT,,,,,,,,,
2896,GAGGCTT,,,,,,,,,
2897,AGGCTTA,,,,,,,,,
2898,GGCTTAA,,,,,,,,,
2899,GCTTAAC,,,,,,,,,
2900,CTTAACC,,,,,,,,,
2901,TTAACCT,,,,,,,,,
2902,TAACCTT,,,,,,,,,
2903,AACCTTA,,,,,,,,,
2904,ACCTTAC,,,,,,,,,
2905,CCTTACA,,,,,,,,,
2906,CTTACAA,,,,,,,,,
2907,TTACAAC,,,,,,,,,
2908,TACAACG,,,,,,,,,
2909,ACAACGC,,,,,,,,,
2910,CAACGCC,,,,,,,,,
2911,AACGCCG,,,,,,,,,
2912,ACGCCGA,,,,,,,,,
2913,CGCCGAA,,,,,,,,,
2914,GCCGAAG,,,,,,,,,
2915,CCGAAGV,,,,,,,,,
2916,CGAAGVT,,,,,,,,,
2917,GAAGVTG,,,,,,,,,
2918,AAGVTGT,,,,,,,,,
2919,AGVTGTT,,,,,,,,,
2920,GVTGTTT,,,,,,,,,
2921,VTGTTTT,,,,,,,,,
2922,TGTTTTG,,,,,,,,,
2923,GTTTTG,,,,,,,,,
2924,TTTTG,,,,,,,,,
